user_id,post_id,action,time,id
71613,4623,view,2021-12-24 06:33:48,23970817
132498,4641,view,2021-12-24 06:33:49,23970818
117161,4679,view,2021-12-24 06:33:49,23970819
155429,4755,view,2021-12-24 06:33:49,23970820
167068,4748,like,2021-12-24 06:33:49,23970821
167054,4627,view,2021-12-24 06:33:49,23970822
165587,4695,view,2021-12-24 06:33:50,23970823
130610,4748,view,2021-12-24 06:33:50,23970824
117161,4731,view,2021-12-24 06:33:50,23970825
152386,4714,view,2021-12-24 06:33:50,23970826
153815,4693,view,2021-12-24 06:33:50,23970827
159699,4627,view,2021-12-24 06:33:50,23970828
22307,4757,view,2021-12-24 06:33:50,23970829
151852,4679,like,2021-12-24 06:33:51,23970830
70177,4677,view,2021-12-24 06:33:51,23970831
21868,4670,like,2021-12-24 06:33:51,23970832
154299,4666,view,2021-12-24 06:33:51,23970833
18760,4759,view,2021-12-24 06:33:51,23970834
66472,4627,view,2021-12-24 06:33:51,23970835
158661,4553,view,2021-12-24 06:33:51,23970836
159652,4748,view,2021-12-24 06:33:52,23970837
109314,4679,view,2021-12-24 06:33:52,23970838
72544,4658,view,2021-12-24 06:33:52,23970839
66472,4716,view,2021-12-24 06:33:53,23970840
34148,4623,view,2021-12-24 06:33:53,23970841
59494,4553,view,2021-12-24 06:33:53,23970842
118595,4719,view,2021-12-24 06:33:53,23970843
9065,4691,view,2021-12-24 06:33:54,23970844
152813,4753,view,2021-12-24 06:33:54,23970845
147106,4623,view,2021-12-24 06:33:54,23970846
128276,4724,view,2021-12-24 06:33:54,23970847
128563,4697,view,2021-12-24 06:33:54,23970848
167309,4714,view,2021-12-24 06:33:55,23970849
158149,4631,view,2021-12-24 06:33:55,23970850
134081,4758,view,2021-12-24 06:33:55,23970851
148408,4627,view,2021-12-24 06:33:55,23970852
159973,4677,like,2021-12-24 06:33:56,23970853
2330,4666,view,2021-12-24 06:33:56,23970854
55501,4620,like,2021-12-24 06:33:56,23970855
152813,4624,view,2021-12-24 06:33:56,23970856
148580,4714,view,2021-12-24 06:33:57,23970857
148408,4748,like,2021-12-24 06:33:57,23970858
118595,4691,like,2021-12-24 06:33:57,23970859
146831,4692,view,2021-12-24 06:33:58,23970860
123049,4559,view,2021-12-24 06:33:58,23970861
159973,4734,like,2021-12-24 06:33:58,23970862
167068,4782,like,2021-12-24 06:33:58,23970863
36670,4627,view,2021-12-24 06:33:58,23970864
15454,4748,view,2021-12-24 06:33:58,23970865
68716,4745,like,2021-12-24 06:33:59,23970866
66472,4716,like,2021-12-24 06:33:59,23970867
123049,4714,view,2021-12-24 06:33:59,23970868
108334,4631,like,2021-12-24 06:33:59,23970869
167415,4623,like,2021-12-24 06:33:59,23970870
65281,4753,view,2021-12-24 06:34:00,23970871
68772,4679,view,2021-12-24 06:34:00,23970872
32020,4644,view,2021-12-24 06:34:00,23970873
164962,4758,view,2021-12-24 06:34:00,23970874
141897,4740,view,2021-12-24 06:34:00,23970875
141932,4713,view,2021-12-24 06:34:01,23970876
67595,4663,view,2021-12-24 06:34:01,23970877
163994,4617,view,2021-12-24 06:34:01,23970878
27482,4644,view,2021-12-24 06:34:01,23970879
72544,4658,like,2021-12-24 06:34:01,23970880
8941,4745,view,2021-12-24 06:34:02,23970881
13650,4641,view,2021-12-24 06:34:03,23970882
139704,4666,view,2021-12-24 06:34:03,23970883
129657,4554,view,2021-12-24 06:34:03,23970884
153815,4721,like,2021-12-24 06:34:03,23970885
64614,4729,view,2021-12-24 06:34:04,23970886
4864,4553,view,2021-12-24 06:34:04,23970887
139963,4551,view,2021-12-24 06:34:04,23970888
15454,4580,view,2021-12-24 06:34:04,23970889
132498,4732,view,2021-12-24 06:34:04,23970890
163831,4716,like,2021-12-24 06:34:04,23970891
163721,4710,view,2021-12-24 06:34:04,23970892
36670,4695,like,2021-12-24 06:34:04,23970893
164252,4638,view,2021-12-24 06:34:04,23970894
8941,4620,view,2021-12-24 06:34:05,23970895
154965,4761,view,2021-12-24 06:34:05,23970896
18760,4758,view,2021-12-24 06:34:05,23970897
135365,4745,view,2021-12-24 06:34:06,23970898
58734,4717,view,2021-12-24 06:34:06,23970899
164962,4756,view,2021-12-24 06:34:06,23970900
167433,4756,like,2021-12-24 06:34:06,23970901
9519,4641,view,2021-12-24 06:34:07,23970902
49673,4731,view,2021-12-24 06:34:07,23970903
71714,4641,view,2021-12-24 06:34:07,23970904
128276,4467,view,2021-12-24 06:34:07,23970905
66532,4714,view,2021-12-24 06:34:07,23970906
128563,4635,view,2021-12-24 06:34:07,23970907
139058,4679,view,2021-12-24 06:34:07,23970908
128276,4679,view,2021-12-24 06:34:08,23970909
148408,4687,view,2021-12-24 06:34:08,23970910
74023,4641,view,2021-12-24 06:34:08,23970911
163994,4714,view,2021-12-24 06:34:09,23970912
15377,4721,view,2021-12-24 06:34:09,23970913
147106,4559,view,2021-12-24 06:34:09,23970914
16944,4617,view,2021-12-24 06:34:09,23970915
39144,4684,like,2021-12-24 06:34:10,23970916
129657,4554,like,2021-12-24 06:34:10,23970917
65281,4602,view,2021-12-24 06:34:10,23970918
72751,4695,view,2021-12-24 06:34:10,23970919
72263,4458,like,2021-12-24 06:34:11,23970920
167182,4635,like,2021-12-24 06:34:11,23970921
55501,4744,view,2021-12-24 06:34:11,23970922
141932,4714,view,2021-12-24 06:34:12,23970923
18760,4638,view,2021-12-24 06:34:12,23970924
71613,4623,like,2021-12-24 06:34:12,23970925
167068,4727,view,2021-12-24 06:34:12,23970926
61917,4666,like,2021-12-24 06:34:12,23970927
130610,4487,view,2021-12-24 06:34:12,23970928
134081,4753,view,2021-12-24 06:34:12,23970929
167415,4740,like,2021-12-24 06:34:13,23970930
145212,4708,view,2021-12-24 06:34:14,23970931
72263,4644,like,2021-12-24 06:34:14,23970932
63915,4748,view,2021-12-24 06:34:14,23970933
67595,4554,view,2021-12-24 06:34:14,23970934
135365,4727,view,2021-12-24 06:34:14,23970935
167054,4691,view,2021-12-24 06:34:15,23970936
114487,4641,like,2021-12-24 06:34:15,23970937
147106,4745,view,2021-12-24 06:34:15,23970938
2330,4759,like,2021-12-24 06:34:15,23970939
107671,4638,view,2021-12-24 06:34:15,23970940
153815,4740,like,2021-12-24 06:34:15,23970941
71613,4710,view,2021-12-24 06:34:15,23970942
159973,4467,view,2021-12-24 06:34:15,23970943
52395,4636,view,2021-12-24 06:34:15,23970944
27482,4714,view,2021-12-24 06:34:15,23970945
64614,4761,view,2021-12-24 06:34:16,23970946
134081,4623,view,2021-12-24 06:34:16,23970947
131664,4684,view,2021-12-24 06:34:16,23970948
4864,4699,view,2021-12-24 06:34:16,23970949
72258,4635,view,2021-12-24 06:34:17,23970950
27482,4740,view,2021-12-24 06:34:17,23970951
37342,4760,view,2021-12-24 06:34:17,23970952
13650,4721,view,2021-12-24 06:34:17,23970953
152386,4691,view,2021-12-24 06:34:17,23970954
164751,4729,view,2021-12-24 06:34:17,23970955
132498,4554,view,2021-12-24 06:34:17,23970956
163994,4741,view,2021-12-24 06:34:17,23970957
167182,4554,view,2021-12-24 06:34:18,23970958
154299,4714,view,2021-12-24 06:34:19,23970959
145620,4703,view,2021-12-24 06:34:19,23970960
37342,4714,view,2021-12-24 06:34:19,23970961
18760,4782,view,2021-12-24 06:34:19,23970962
18760,4641,view,2021-12-24 06:34:19,23970963
15854,4739,view,2021-12-24 06:34:19,23970964
158149,4697,view,2021-12-24 06:34:20,23970965
152386,4695,view,2021-12-24 06:34:20,23970966
131345,4755,like,2021-12-24 06:34:20,23970967
66472,4627,like,2021-12-24 06:34:20,23970968
114836,4695,view,2021-12-24 06:34:20,23970969
129875,4729,view,2021-12-24 06:34:20,23970970
149707,4697,view,2021-12-24 06:34:20,23970971
154965,4714,like,2021-12-24 06:34:21,23970972
145620,4708,view,2021-12-24 06:34:21,23970973
74607,4695,view,2021-12-24 06:34:21,23970974
152813,4732,view,2021-12-24 06:34:21,23970975
34385,4697,view,2021-12-24 06:34:21,23970976
9065,4756,view,2021-12-24 06:34:22,23970977
52395,4739,view,2021-12-24 06:34:22,23970978
74023,4631,view,2021-12-24 06:34:22,23970979
130610,4487,like,2021-12-24 06:34:22,23970980
34148,4697,like,2021-12-24 06:34:22,23970981
152813,4666,view,2021-12-24 06:34:22,23970982
52395,4636,like,2021-12-24 06:34:22,23970983
148408,4745,view,2021-12-24 06:34:22,23970984
9065,4691,like,2021-12-24 06:34:22,23970985
70177,4703,view,2021-12-24 06:34:22,23970986
72258,4697,like,2021-12-24 06:34:22,23970987
8941,4650,view,2021-12-24 06:34:22,23970988
167182,4708,view,2021-12-24 06:34:23,23970989
163994,4684,like,2021-12-24 06:34:23,23970990
163831,4746,view,2021-12-24 06:34:23,23970991
4183,4650,view,2021-12-24 06:34:23,23970992
154299,4666,like,2021-12-24 06:34:23,23970993
13650,4684,view,2021-12-24 06:34:24,23970994
129657,4602,view,2021-12-24 06:34:24,23970995
167182,4732,view,2021-12-24 06:34:24,23970996
159973,4716,view,2021-12-24 06:34:24,23970997
13650,4638,view,2021-12-24 06:34:25,23970998
54712,4750,view,2021-12-24 06:34:25,23970999
36670,4714,like,2021-12-24 06:34:25,23971000
24204,4641,like,2021-12-24 06:34:25,23971001
167068,4714,view,2021-12-24 06:34:25,23971002
16944,4748,like,2021-12-24 06:34:25,23971003
54712,4658,view,2021-12-24 06:34:26,23971004
72263,4729,view,2021-12-24 06:34:26,23971005
128276,4724,like,2021-12-24 06:34:26,23971006
112858,4631,view,2021-12-24 06:34:26,23971007
114487,4760,view,2021-12-24 06:34:26,23971008
50029,4627,view,2021-12-24 06:34:26,23971009
49673,4562,view,2021-12-24 06:34:26,23971010
145620,4666,like,2021-12-24 06:34:26,23971011
153815,4666,view,2021-12-24 06:34:26,23971012
163994,4641,view,2021-12-24 06:34:26,23971013
167433,4719,view,2021-12-24 06:34:27,23971014
15454,4748,like,2021-12-24 06:34:27,23971015
4183,4758,view,2021-12-24 06:34:27,23971016
18454,4757,view,2021-12-24 06:34:27,23971017
141897,4740,like,2021-12-24 06:34:27,23971018
132498,4697,view,2021-12-24 06:34:28,23971019
144528,4740,view,2021-12-24 06:34:28,23971020
58340,4760,view,2021-12-24 06:34:28,23971021
3857,4714,view,2021-12-24 06:34:28,23971022
70177,4554,view,2021-12-24 06:34:29,23971023
140443,4748,view,2021-12-24 06:34:29,23971024
165759,4695,view,2021-12-24 06:34:30,23971025
167108,4695,view,2021-12-24 06:34:30,23971026
167433,4750,view,2021-12-24 06:34:30,23971027
130610,4679,view,2021-12-24 06:34:30,23971028
27482,4782,view,2021-12-24 06:34:30,23971029
154409,4750,view,2021-12-24 06:34:30,23971030
148408,4710,view,2021-12-24 06:34:30,23971031
114487,4752,view,2021-12-24 06:34:31,23971032
167433,4467,view,2021-12-24 06:34:31,23971033
124840,4716,view,2021-12-24 06:34:31,23971034
24204,4450,view,2021-12-24 06:34:32,23971035
16944,4756,view,2021-12-24 06:34:32,23971036
152386,4691,like,2021-12-24 06:34:32,23971037
159652,4635,like,2021-12-24 06:34:33,23971038
129657,4740,like,2021-12-24 06:34:33,23971039
166190,4751,like,2021-12-24 06:34:33,23971040
164962,4580,view,2021-12-24 06:34:33,23971041
152273,4677,like,2021-12-24 06:34:33,23971042
158781,4687,view,2021-12-24 06:34:33,23971043
18760,4739,view,2021-12-24 06:34:33,23971044
152273,4551,view,2021-12-24 06:34:34,23971045
145134,4666,like,2021-12-24 06:34:34,23971046
139058,4586,view,2021-12-24 06:34:34,23971047
66472,4748,view,2021-12-24 06:34:35,23971048
52395,4713,view,2021-12-24 06:34:35,23971049
148408,4735,view,2021-12-24 06:34:35,23971050
55501,4714,view,2021-12-24 06:34:35,23971051
13650,4731,view,2021-12-24 06:34:35,23971052
146831,4748,like,2021-12-24 06:34:36,23971053
72263,4611,view,2021-12-24 06:34:36,23971054
70645,4679,view,2021-12-24 06:34:36,23971055
130610,4694,view,2021-12-24 06:34:36,23971056
128276,4687,view,2021-12-24 06:34:36,23971057
113051,4693,view,2021-12-24 06:34:36,23971058
145212,4638,view,2021-12-24 06:34:37,23971059
71865,4759,view,2021-12-24 06:34:37,23971060
38198,4450,view,2021-12-24 06:34:37,23971061
31247,4708,view,2021-12-24 06:34:37,23971062
135735,4748,view,2021-12-24 06:34:38,23971063
109035,4735,view,2021-12-24 06:34:38,23971064
141029,4627,view,2021-12-24 06:34:38,23971065
34148,4706,view,2021-12-24 06:34:38,23971066
107671,4638,like,2021-12-24 06:34:39,23971067
151160,4740,like,2021-12-24 06:34:39,23971068
140443,4714,view,2021-12-24 06:34:39,23971069
72544,4641,view,2021-12-24 06:34:39,23971070
15377,4679,view,2021-12-24 06:34:40,23971071
163721,4729,view,2021-12-24 06:34:40,23971072
111423,4739,view,2021-12-24 06:34:40,23971073
155429,4724,view,2021-12-24 06:34:40,23971074
31247,4635,view,2021-12-24 06:34:41,23971075
55501,4703,view,2021-12-24 06:34:41,23971076
54712,4617,view,2021-12-24 06:34:41,23971077
163831,4624,view,2021-12-24 06:34:41,23971078
130610,4748,like,2021-12-24 06:34:41,23971079
36670,4761,view,2021-12-24 06:34:41,23971080
129875,4627,view,2021-12-24 06:34:41,23971081
159652,4450,view,2021-12-24 06:34:42,23971082
133680,4602,view,2021-12-24 06:34:42,23971083
140443,4638,view,2021-12-24 06:34:42,23971084
70404,4755,view,2021-12-24 06:34:42,23971085
109035,4714,view,2021-12-24 06:34:42,23971086
107671,4679,view,2021-12-24 06:34:42,23971087
65281,4727,view,2021-12-24 06:34:42,23971088
114487,4690,view,2021-12-24 06:34:43,23971089
122750,4679,view,2021-12-24 06:34:43,23971090
71705,4751,view,2021-12-24 06:34:43,23971091
61917,4750,like,2021-12-24 06:34:43,23971092
124840,4708,view,2021-12-24 06:34:43,23971093
112858,4641,view,2021-12-24 06:34:43,23971094
154409,4756,view,2021-12-24 06:34:44,23971095
152813,4684,view,2021-12-24 06:34:44,23971096
132498,4697,like,2021-12-24 06:34:44,23971097
123049,4691,view,2021-12-24 06:34:44,23971098
167415,4553,view,2021-12-24 06:34:45,23971099
166190,4748,view,2021-12-24 06:34:45,23971100
148580,4757,view,2021-12-24 06:34:45,23971101
18760,4641,like,2021-12-24 06:34:45,23971102
124840,4746,view,2021-12-24 06:34:45,23971103
15377,4693,view,2021-12-24 06:34:45,23971104
68772,4751,view,2021-12-24 06:34:46,23971105
154299,4658,view,2021-12-24 06:34:46,23971106
153815,4666,like,2021-12-24 06:34:46,23971107
158149,4658,view,2021-12-24 06:34:46,23971108
50668,4690,view,2021-12-24 06:34:46,23971109
150739,4631,view,2021-12-24 06:34:46,23971110
123049,4714,like,2021-12-24 06:34:46,23971111
2330,4746,view,2021-12-24 06:34:46,23971112
71705,4740,like,2021-12-24 06:34:46,23971113
117161,4693,view,2021-12-24 06:34:46,23971114
37342,4605,view,2021-12-24 06:34:47,23971115
8941,4745,like,2021-12-24 06:34:47,23971116
167433,4695,view,2021-12-24 06:34:47,23971117
167108,4691,view,2021-12-24 06:34:47,23971118
38198,4554,view,2021-12-24 06:34:47,23971119
73122,4708,view,2021-12-24 06:34:47,23971120
63915,4693,view,2021-12-24 06:34:47,23971121
158149,4695,view,2021-12-24 06:34:47,23971122
145212,4685,view,2021-12-24 06:34:47,23971123
166431,4693,view,2021-12-24 06:34:47,23971124
158189,4679,view,2021-12-24 06:34:48,23971125
39144,4638,view,2021-12-24 06:34:48,23971126
18760,4538,view,2021-12-24 06:34:48,23971127
152273,4724,view,2021-12-24 06:34:48,23971128
152273,4487,view,2021-12-24 06:34:48,23971129
72263,4748,like,2021-12-24 06:34:48,23971130
148408,4756,view,2021-12-24 06:34:49,23971131
151852,4748,like,2021-12-24 06:34:49,23971132
4864,4617,like,2021-12-24 06:34:49,23971133
139704,4467,view,2021-12-24 06:34:49,23971134
159652,4750,view,2021-12-24 06:34:49,23971135
27482,4690,view,2021-12-24 06:34:49,23971136
152273,4753,like,2021-12-24 06:34:49,23971137
117017,4735,view,2021-12-24 06:34:50,23971138
107671,4551,view,2021-12-24 06:34:50,23971139
151160,4693,view,2021-12-24 06:34:50,23971140
164386,4737,view,2021-12-24 06:34:50,23971141
34385,4617,view,2021-12-24 06:34:50,23971142
141897,4751,view,2021-12-24 06:34:51,23971143
159652,4717,view,2021-12-24 06:34:51,23971144
22307,4748,view,2021-12-24 06:34:51,23971145
13650,4638,like,2021-12-24 06:34:52,23971146
59494,4729,view,2021-12-24 06:34:52,23971147
128563,4644,view,2021-12-24 06:34:52,23971148
37342,4586,view,2021-12-24 06:34:52,23971149
21868,4644,view,2021-12-24 06:34:53,23971150
152386,4753,view,2021-12-24 06:34:53,23971151
167068,4745,view,2021-12-24 06:34:53,23971152
9065,4551,view,2021-12-24 06:34:53,23971153
71705,4721,view,2021-12-24 06:34:54,23971154
145977,4697,view,2021-12-24 06:34:54,23971155
16944,4641,view,2021-12-24 06:34:54,23971156
154113,4627,view,2021-12-24 06:34:55,23971157
63915,4737,view,2021-12-24 06:34:55,23971158
18760,4735,view,2021-12-24 06:34:55,23971159
40036,4467,view,2021-12-24 06:34:56,23971160
141841,4729,view,2021-12-24 06:34:56,23971161
139058,4644,view,2021-12-24 06:34:56,23971162
63366,4714,view,2021-12-24 06:34:56,23971163
31247,4744,view,2021-12-24 06:34:56,23971164
117161,4538,like,2021-12-24 06:34:57,23971165
70645,4679,like,2021-12-24 06:34:57,23971166
151852,4644,like,2021-12-24 06:34:57,23971167
111333,4595,view,2021-12-24 06:34:57,23971168
63915,4627,view,2021-12-24 06:34:57,23971169
71865,4635,view,2021-12-24 06:34:57,23971170
4864,4679,view,2021-12-24 06:34:57,23971171
4864,4586,view,2021-12-24 06:34:57,23971172
63915,4715,view,2021-12-24 06:34:57,23971173
66472,4714,view,2021-12-24 06:34:58,23971174
31247,4617,view,2021-12-24 06:34:58,23971175
128563,4729,view,2021-12-24 06:34:58,23971176
122750,4740,view,2021-12-24 06:34:58,23971177
27482,4714,like,2021-12-24 06:34:58,23971178
150739,4666,view,2021-12-24 06:34:58,23971179
71705,4551,view,2021-12-24 06:34:58,23971180
146831,4734,view,2021-12-24 06:34:58,23971181
68772,4708,view,2021-12-24 06:34:58,23971182
56966,4697,view,2021-12-24 06:34:59,23971183
135365,4759,view,2021-12-24 06:35:00,23971184
74023,4620,view,2021-12-24 06:35:00,23971185
137173,4741,view,2021-12-24 06:35:00,23971186
71254,4740,view,2021-12-24 06:35:00,23971187
72645,4737,view,2021-12-24 06:35:00,23971188
68812,4697,view,2021-12-24 06:35:00,23971189
158661,4621,view,2021-12-24 06:35:01,23971190
72751,4538,view,2021-12-24 06:35:01,23971191
40036,4487,view,2021-12-24 06:35:01,23971192
15645,4745,view,2021-12-24 06:35:01,23971193
139963,4695,view,2021-12-24 06:35:01,23971194
128338,4740,view,2021-12-24 06:35:01,23971195
32020,4644,like,2021-12-24 06:35:01,23971196
164482,4737,view,2021-12-24 06:35:02,23971197
58045,4644,view,2021-12-24 06:35:02,23971198
118112,4760,view,2021-12-24 06:35:02,23971199
135365,4727,like,2021-12-24 06:35:02,23971200
50029,4644,view,2021-12-24 06:35:03,23971201
128563,4729,like,2021-12-24 06:35:03,23971202
65920,4627,view,2021-12-24 06:35:03,23971203
125933,4636,view,2021-12-24 06:35:03,23971204
3857,4731,view,2021-12-24 06:35:04,23971205
111333,4693,view,2021-12-24 06:35:04,23971206
163523,4714,view,2021-12-24 06:35:04,23971207
133680,4641,view,2021-12-24 06:35:04,23971208
56966,4710,view,2021-12-24 06:35:04,23971209
125933,4553,view,2021-12-24 06:35:05,23971210
111333,4729,view,2021-12-24 06:35:05,23971211
165128,4714,view,2021-12-24 06:35:06,23971212
9074,4714,view,2021-12-24 06:35:06,23971213
53948,4617,view,2021-12-24 06:35:07,23971214
164482,4627,view,2021-12-24 06:35:07,23971215
59494,4751,view,2021-12-24 06:35:07,23971216
145212,4748,view,2021-12-24 06:35:07,23971217
71852,4753,view,2021-12-24 06:35:07,23971218
52637,4641,view,2021-12-24 06:35:07,23971219
68812,4740,view,2021-12-24 06:35:08,23971220
128517,4748,view,2021-12-24 06:35:08,23971221
163523,4467,view,2021-12-24 06:35:08,23971222
133680,4602,like,2021-12-24 06:35:08,23971223
158661,4650,view,2021-12-24 06:35:09,23971224
164751,4744,view,2021-12-24 06:35:09,23971225
145977,4684,view,2021-12-24 06:35:09,23971226
128563,4631,view,2021-12-24 06:35:09,23971227
122765,4719,view,2021-12-24 06:35:10,23971228
134941,4759,view,2021-12-24 06:35:10,23971229
118163,4695,view,2021-12-24 06:35:10,23971230
159699,4627,like,2021-12-24 06:35:10,23971231
118163,4748,view,2021-12-24 06:35:10,23971232
15645,4731,like,2021-12-24 06:35:10,23971233
55120,4741,view,2021-12-24 06:35:10,23971234
135365,4586,view,2021-12-24 06:35:10,23971235
167939,4759,view,2021-12-24 06:35:10,23971236
55057,4635,view,2021-12-24 06:35:11,23971237
70404,4755,like,2021-12-24 06:35:11,23971238
59494,4729,like,2021-12-24 06:35:11,23971239
115830,4538,view,2021-12-24 06:35:11,23971240
141029,4741,view,2021-12-24 06:35:11,23971241
139704,4745,view,2021-12-24 06:35:11,23971242
165587,4748,view,2021-12-24 06:35:12,23971243
133680,4691,like,2021-12-24 06:35:12,23971244
167108,4691,like,2021-12-24 06:35:12,23971245
73381,4751,view,2021-12-24 06:35:12,23971246
56966,4679,view,2021-12-24 06:35:12,23971247
72751,4695,like,2021-12-24 06:35:12,23971248
68812,4623,view,2021-12-24 06:35:12,23971249
112489,4679,view,2021-12-24 06:35:12,23971250
50029,4631,like,2021-12-24 06:35:13,23971251
71852,4538,view,2021-12-24 06:35:13,23971252
139963,4551,like,2021-12-24 06:35:13,23971253
68812,4724,view,2021-12-24 06:35:13,23971254
60327,4755,view,2021-12-24 06:35:14,23971255
111333,4631,view,2021-12-24 06:35:14,23971256
73381,4694,view,2021-12-24 06:35:15,23971257
53948,4724,view,2021-12-24 06:35:15,23971258
73381,4690,view,2021-12-24 06:35:15,23971259
134941,4605,view,2021-12-24 06:35:15,23971260
70404,4586,view,2021-12-24 06:35:15,23971261
159699,4487,view,2021-12-24 06:35:15,23971262
68812,4697,like,2021-12-24 06:35:15,23971263
166431,4745,view,2021-12-24 06:35:15,23971264
50668,4750,view,2021-12-24 06:35:15,23971265
111423,4753,view,2021-12-24 06:35:16,23971266
71852,4638,view,2021-12-24 06:35:16,23971267
74386,4697,view,2021-12-24 06:35:16,23971268
134941,4644,view,2021-12-24 06:35:16,23971269
125933,4670,view,2021-12-24 06:35:17,23971270
68812,4757,view,2021-12-24 06:35:17,23971271
134941,4744,view,2021-12-24 06:35:18,23971272
50668,4690,like,2021-12-24 06:35:18,23971273
60289,4734,view,2021-12-24 06:35:18,23971274
70787,4750,view,2021-12-24 06:35:18,23971275
74386,4758,like,2021-12-24 06:35:18,23971276
154113,4650,view,2021-12-24 06:35:19,23971277
72342,4745,view,2021-12-24 06:35:19,23971278
131889,4727,view,2021-12-24 06:35:19,23971279
137173,4631,view,2021-12-24 06:35:20,23971280
9324,4684,view,2021-12-24 06:35:20,23971281
111423,4641,view,2021-12-24 06:35:20,23971282
38198,4650,view,2021-12-24 06:35:21,23971283
127801,4748,view,2021-12-24 06:35:21,23971284
111423,4714,view,2021-12-24 06:35:21,23971285
139704,4467,like,2021-12-24 06:35:21,23971286
164482,4562,view,2021-12-24 06:35:21,23971287
128563,4708,like,2021-12-24 06:35:21,23971288
74023,4750,like,2021-12-24 06:35:21,23971289
162880,4737,view,2021-12-24 06:35:21,23971290
31076,4748,view,2021-12-24 06:35:21,23971291
166431,4687,view,2021-12-24 06:35:21,23971292
111423,4724,view,2021-12-24 06:35:22,23971293
72751,4758,view,2021-12-24 06:35:22,23971294
164482,4697,view,2021-12-24 06:35:22,23971295
56966,4697,like,2021-12-24 06:35:22,23971296
59974,4620,view,2021-12-24 06:35:22,23971297
141029,4695,like,2021-12-24 06:35:22,23971298
9074,4685,view,2021-12-24 06:35:22,23971299
59494,4553,like,2021-12-24 06:35:23,23971300
145212,4716,view,2021-12-24 06:35:24,23971301
32020,4679,view,2021-12-24 06:35:24,23971302
53948,4690,view,2021-12-24 06:35:25,23971303
162880,4623,view,2021-12-24 06:35:25,23971304
60289,4623,view,2021-12-24 06:35:25,23971305
40036,4756,view,2021-12-24 06:35:25,23971306
127801,4745,view,2021-12-24 06:35:25,23971307
58062,4569,view,2021-12-24 06:35:25,23971308
72751,4750,view,2021-12-24 06:35:25,23971309
131889,4694,view,2021-12-24 06:35:26,23971310
137173,4620,view,2021-12-24 06:35:26,23971311
158189,4481,view,2021-12-24 06:35:26,23971312
125933,4731,view,2021-12-24 06:35:26,23971313
141841,4623,view,2021-12-24 06:35:26,23971314
154113,4627,like,2021-12-24 06:35:26,23971315
111333,4631,like,2021-12-24 06:35:26,23971316
50668,4635,view,2021-12-24 06:35:26,23971317
149707,4650,view,2021-12-24 06:35:27,23971318
60289,4734,like,2021-12-24 06:35:27,23971319
139185,4760,view,2021-12-24 06:35:28,23971320
60289,4691,view,2021-12-24 06:35:28,23971321
74023,4755,view,2021-12-24 06:35:28,23971322
167108,4695,like,2021-12-24 06:35:28,23971323
38198,4666,view,2021-12-24 06:35:28,23971324
118163,4650,view,2021-12-24 06:35:28,23971325
73926,4611,view,2021-12-24 06:35:28,23971326
50668,4735,view,2021-12-24 06:35:28,23971327
59494,4487,view,2021-12-24 06:35:28,23971328
165587,4695,like,2021-12-24 06:35:28,23971329
118163,4695,like,2021-12-24 06:35:29,23971330
50029,4679,view,2021-12-24 06:35:29,23971331
115830,4638,view,2021-12-24 06:35:29,23971332
166431,4734,view,2021-12-24 06:35:29,23971333
58045,4750,view,2021-12-24 06:35:29,23971334
13621,4627,view,2021-12-24 06:35:29,23971335
13621,4699,view,2021-12-24 06:35:29,23971336
141029,4684,view,2021-12-24 06:35:29,23971337
38198,4752,view,2021-12-24 06:35:29,23971338
15645,4758,view,2021-12-24 06:35:30,23971339
127801,4745,like,2021-12-24 06:35:31,23971340
118163,4641,view,2021-12-24 06:35:31,23971341
158661,4553,like,2021-12-24 06:35:31,23971342
156863,4750,view,2021-12-24 06:35:31,23971343
38198,4627,view,2021-12-24 06:35:31,23971344
9074,4733,view,2021-12-24 06:35:31,23971345
134081,4758,like,2021-12-24 06:35:31,23971346
38198,4755,view,2021-12-24 06:35:31,23971347
18454,4623,view,2021-12-24 06:35:31,23971348
128517,4715,view,2021-12-24 06:35:32,23971349
131304,4712,like,2021-12-24 06:35:32,23971350
164751,4690,view,2021-12-24 06:35:32,23971351
164751,4749,view,2021-12-24 06:35:32,23971352
72259,4690,view,2021-12-24 06:35:32,23971353
65920,4748,like,2021-12-24 06:35:32,23971354
9074,4750,view,2021-12-24 06:35:33,23971355
73926,4623,view,2021-12-24 06:35:33,23971356
145212,4685,like,2021-12-24 06:35:33,23971357
163523,4638,view,2021-12-24 06:35:33,23971358
118163,4650,like,2021-12-24 06:35:33,23971359
163269,4695,view,2021-12-24 06:35:33,23971360
56966,4623,view,2021-12-24 06:35:33,23971361
135365,4741,view,2021-12-24 06:35:33,23971362
9519,4750,view,2021-12-24 06:35:33,23971363
127801,4750,view,2021-12-24 06:35:34,23971364
135365,4745,like,2021-12-24 06:35:34,23971365
70787,4757,view,2021-12-24 06:35:34,23971366
134081,4753,like,2021-12-24 06:35:34,23971367
60327,4731,view,2021-12-24 06:35:34,23971368
141841,4729,like,2021-12-24 06:35:35,23971369
139704,4713,view,2021-12-24 06:35:35,23971370
111423,4753,like,2021-12-24 06:35:35,23971371
31076,4679,view,2021-12-24 06:35:36,23971372
128563,4635,like,2021-12-24 06:35:36,23971373
129875,4538,view,2021-12-24 06:35:37,23971374
13621,4744,view,2021-12-24 06:35:37,23971375
70404,4717,view,2021-12-24 06:35:37,23971376
38198,4554,like,2021-12-24 06:35:37,23971377
74607,4695,like,2021-12-24 06:35:37,23971378
3857,4737,view,2021-12-24 06:35:38,23971379
48917,4756,like,2021-12-24 06:35:38,23971380
128338,4627,view,2021-12-24 06:35:38,23971381
58062,4638,view,2021-12-24 06:35:40,23971382
158189,4679,like,2021-12-24 06:35:40,23971383
34385,4697,like,2021-12-24 06:35:40,23971384
9519,4721,view,2021-12-24 06:35:40,23971385
158841,4693,view,2021-12-24 06:35:41,23971386
164751,4708,view,2021-12-24 06:35:41,23971387
14698,4757,view,2021-12-24 06:35:41,23971388
74023,4641,like,2021-12-24 06:35:42,23971389
15645,4739,view,2021-12-24 06:35:42,23971390
149707,4697,like,2021-12-24 06:35:42,23971391
167108,4658,view,2021-12-24 06:35:42,23971392
111423,4638,view,2021-12-24 06:35:42,23971393
166431,4782,view,2021-12-24 06:35:43,23971394
145668,4748,view,2021-12-24 06:35:43,23971395
60327,4739,view,2021-12-24 06:35:43,23971396
117390,4739,view,2021-12-24 06:35:43,23971397
52923,4756,view,2021-12-24 06:35:43,23971398
128563,4697,like,2021-12-24 06:35:44,23971399
167939,4757,view,2021-12-24 06:35:44,23971400
52923,4708,view,2021-12-24 06:35:44,23971401
149707,4748,view,2021-12-24 06:35:44,23971402
2561,4714,view,2021-12-24 06:35:44,23971403
163523,4714,like,2021-12-24 06:35:44,23971404
131664,4684,like,2021-12-24 06:35:44,23971405
68812,4748,view,2021-12-24 06:35:44,23971406
134081,4695,view,2021-12-24 06:35:44,23971407
52923,4748,view,2021-12-24 06:35:45,23971408
165128,4627,view,2021-12-24 06:35:45,23971409
159699,4714,view,2021-12-24 06:35:45,23971410
112489,4761,view,2021-12-24 06:35:46,23971411
165587,4760,view,2021-12-24 06:35:46,23971412
134941,4733,view,2021-12-24 06:35:46,23971413
3857,4714,like,2021-12-24 06:35:46,23971414
73381,4729,view,2021-12-24 06:35:46,23971415
2561,4727,view,2021-12-24 06:35:46,23971416
60289,4551,view,2021-12-24 06:35:46,23971417
40036,4697,view,2021-12-24 06:35:46,23971418
74386,4757,view,2021-12-24 06:35:47,23971419
32020,4748,view,2021-12-24 06:35:47,23971420
18454,4467,view,2021-12-24 06:35:47,23971421
118112,4450,view,2021-12-24 06:35:47,23971422
111423,4703,view,2021-12-24 06:35:47,23971423
40036,4721,view,2021-12-24 06:35:47,23971424
139704,4666,like,2021-12-24 06:35:47,23971425
31076,4748,like,2021-12-24 06:35:47,23971426
112489,4695,view,2021-12-24 06:35:48,23971427
145212,4708,like,2021-12-24 06:35:48,23971428
137173,4620,like,2021-12-24 06:35:49,23971429
141841,4714,view,2021-12-24 06:35:49,23971430
74607,4562,view,2021-12-24 06:35:50,23971431
158189,4756,view,2021-12-24 06:35:50,23971432
134081,4623,like,2021-12-24 06:35:50,23971433
72645,4685,view,2021-12-24 06:35:50,23971434
60327,4732,view,2021-12-24 06:35:51,23971435
158841,4746,view,2021-12-24 06:35:51,23971436
149707,4710,view,2021-12-24 06:35:51,23971437
165759,4684,view,2021-12-24 06:35:51,23971438
14698,4685,view,2021-12-24 06:35:51,23971439
48917,4729,view,2021-12-24 06:35:51,23971440
70404,4748,view,2021-12-24 06:35:52,23971441
141841,4631,view,2021-12-24 06:35:52,23971442
139963,4729,view,2021-12-24 06:35:53,23971443
136029,4559,view,2021-12-24 06:35:53,23971444
14698,4732,view,2021-12-24 06:35:53,23971445
131304,4690,view,2021-12-24 06:35:53,23971446
128135,4631,view,2021-12-24 06:35:53,23971447
134081,4638,view,2021-12-24 06:35:53,23971448
131664,4697,view,2021-12-24 06:35:53,23971449
18454,4757,like,2021-12-24 06:35:54,23971450
58062,4714,view,2021-12-24 06:35:54,23971451
165759,4638,view,2021-12-24 06:35:55,23971452
122765,4731,view,2021-12-24 06:35:55,23971453
135365,4668,view,2021-12-24 06:35:55,23971454
22756,4741,view,2021-12-24 06:35:56,23971455
128563,4693,view,2021-12-24 06:35:56,23971456
145977,4467,view,2021-12-24 06:35:56,23971457
50029,4450,view,2021-12-24 06:35:56,23971458
141029,4595,view,2021-12-24 06:35:56,23971459
167108,4467,view,2021-12-24 06:35:57,23971460
125933,4739,view,2021-12-24 06:35:57,23971461
118163,4748,like,2021-12-24 06:35:57,23971462
159699,4745,view,2021-12-24 06:35:57,23971463
22756,4714,view,2021-12-24 06:35:57,23971464
31076,4717,view,2021-12-24 06:35:57,23971465
128338,4719,view,2021-12-24 06:35:57,23971466
145668,4757,view,2021-12-24 06:35:58,23971467
133680,4627,view,2021-12-24 06:35:58,23971468
71254,4623,view,2021-12-24 06:35:58,23971469
131664,4710,view,2021-12-24 06:35:58,23971470
141029,4644,view,2021-12-24 06:35:59,23971471
164751,4748,view,2021-12-24 06:35:59,23971472
31076,4658,view,2021-12-24 06:35:59,23971473
72342,4759,view,2021-12-24 06:35:59,23971474
129875,4697,view,2021-12-24 06:35:59,23971475
40036,4724,view,2021-12-24 06:35:59,23971476
60327,4756,view,2021-12-24 06:35:59,23971477
9519,4641,like,2021-12-24 06:35:59,23971478
133680,4638,view,2021-12-24 06:35:59,23971479
131304,4638,view,2021-12-24 06:36:00,23971480
72751,4710,view,2021-12-24 06:36:00,23971481
141841,4684,view,2021-12-24 06:36:01,23971482
50668,4750,like,2021-12-24 06:36:01,23971483
24957,4666,view,2021-12-24 06:36:01,23971484
2561,4620,view,2021-12-24 06:36:01,23971485
65920,4697,view,2021-12-24 06:36:01,23971486
38198,4450,like,2021-12-24 06:36:02,23971487
115830,4690,view,2021-12-24 06:36:02,23971488
74023,4631,like,2021-12-24 06:36:02,23971489
68812,4714,view,2021-12-24 06:36:02,23971490
141841,4602,view,2021-12-24 06:36:02,23971491
55120,4741,like,2021-12-24 06:36:03,23971492
74023,4733,view,2021-12-24 06:36:03,23971493
115830,4753,view,2021-12-24 06:36:03,23971494
50029,4627,like,2021-12-24 06:36:03,23971495
111423,4641,like,2021-12-24 06:36:03,23971496
139185,4756,view,2021-12-24 06:36:04,23971497
118112,4666,view,2021-12-24 06:36:04,23971498
164751,4729,like,2021-12-24 06:36:04,23971499
129875,4627,like,2021-12-24 06:36:04,23971500
122765,4631,view,2021-12-24 06:36:04,23971501
163269,4538,view,2021-12-24 06:36:05,23971502
139704,4714,view,2021-12-24 06:36:05,23971503
55057,4708,view,2021-12-24 06:36:06,23971504
141841,4721,view,2021-12-24 06:36:06,23971505
65920,4580,view,2021-12-24 06:36:07,23971506
70404,4638,view,2021-12-24 06:36:07,23971507
162880,4729,view,2021-12-24 06:36:07,23971508
31076,4617,view,2021-12-24 06:36:07,23971509
136029,4744,view,2021-12-24 06:36:07,23971510
9324,4638,view,2021-12-24 06:36:07,23971511
131664,4741,view,2021-12-24 06:36:08,23971512
55057,4617,view,2021-12-24 06:36:08,23971513
74607,4620,view,2021-12-24 06:36:08,23971514
34385,4756,view,2021-12-24 06:36:08,23971515
50668,4679,view,2021-12-24 06:36:08,23971516
128517,4753,view,2021-12-24 06:36:08,23971517
158189,4553,view,2021-12-24 06:36:09,23971518
18454,4710,view,2021-12-24 06:36:09,23971519
14698,4717,view,2021-12-24 06:36:09,23971520
13621,4737,view,2021-12-24 06:36:09,23971521
53948,4745,view,2021-12-24 06:36:09,23971522
50668,4553,view,2021-12-24 06:36:09,23971523
158661,4487,view,2021-12-24 06:36:09,23971524
40036,4467,like,2021-12-24 06:36:09,23971525
74023,4755,like,2021-12-24 06:36:09,23971526
52923,4729,view,2021-12-24 06:36:10,23971527
139185,4748,view,2021-12-24 06:36:10,23971528
31076,4744,view,2021-12-24 06:36:10,23971529
127801,4554,view,2021-12-24 06:36:10,23971530
156863,4644,view,2021-12-24 06:36:10,23971531
59974,4644,view,2021-12-24 06:36:10,23971532
131889,4755,view,2021-12-24 06:36:10,23971533
3857,4739,view,2021-12-24 06:36:11,23971534
131304,4641,view,2021-12-24 06:36:11,23971535
145668,4744,view,2021-12-24 06:36:11,23971536
40036,4756,like,2021-12-24 06:36:12,23971537
162880,4641,view,2021-12-24 06:36:12,23971538
71254,4714,view,2021-12-24 06:36:12,23971539
154113,4602,view,2021-12-24 06:36:13,23971540
141029,4756,view,2021-12-24 06:36:13,23971541
65276,4666,view,2021-12-24 06:36:13,23971542
56966,4728,view,2021-12-24 06:36:13,23971543
72751,4611,view,2021-12-24 06:36:13,23971544
65920,4740,view,2021-12-24 06:36:13,23971545
65276,4687,view,2021-12-24 06:36:13,23971546
154113,4631,view,2021-12-24 06:36:14,23971547
111423,4739,like,2021-12-24 06:36:14,23971548
136029,4714,view,2021-12-24 06:36:14,23971549
145668,4761,view,2021-12-24 06:36:14,23971550
156863,4751,view,2021-12-24 06:36:14,23971551
50668,4710,view,2021-12-24 06:36:15,23971552
162880,4748,view,2021-12-24 06:36:15,23971553
118163,4631,view,2021-12-24 06:36:15,23971554
158189,4684,view,2021-12-24 06:36:15,23971555
164482,4695,view,2021-12-24 06:36:15,23971556
60327,4755,like,2021-12-24 06:36:16,23971557
129875,4729,like,2021-12-24 06:36:16,23971558
164751,4750,view,2021-12-24 06:36:17,23971559
68812,4739,view,2021-12-24 06:36:17,23971560
60327,4759,view,2021-12-24 06:36:17,23971561
118163,4724,view,2021-12-24 06:36:17,23971562
131304,4740,view,2021-12-24 06:36:18,23971563
9519,4714,view,2021-12-24 06:36:18,23971564
55057,4554,view,2021-12-24 06:36:18,23971565
59494,4627,view,2021-12-24 06:36:18,23971566
127801,4759,view,2021-12-24 06:36:18,23971567
72259,4714,view,2021-12-24 06:36:19,23971568
122765,4750,view,2021-12-24 06:36:19,23971569
34385,4617,like,2021-12-24 06:36:20,23971570
141029,4627,like,2021-12-24 06:36:20,23971571
158661,4716,view,2021-12-24 06:36:20,23971572
128338,4782,view,2021-12-24 06:36:20,23971573
165759,4693,view,2021-12-24 06:36:20,23971574
167939,4658,view,2021-12-24 06:36:20,23971575
158119,4481,view,2021-12-24 06:36:21,23971576
129875,4699,view,2021-12-24 06:36:21,23971577
167939,4666,view,2021-12-24 06:36:21,23971578
73381,4638,view,2021-12-24 06:36:22,23971579
58045,4760,view,2021-12-24 06:36:22,23971580
165759,4695,like,2021-12-24 06:36:22,23971581
40036,4560,view,2021-12-24 06:36:22,23971582
141841,4631,like,2021-12-24 06:36:22,23971583
118112,4666,like,2021-12-24 06:36:23,23971584
18454,4731,view,2021-12-24 06:36:23,23971585
128338,4708,view,2021-12-24 06:36:23,23971586
163269,4631,view,2021-12-24 06:36:23,23971587
24957,4733,view,2021-12-24 06:36:23,23971588
136029,4690,view,2021-12-24 06:36:23,23971589
164482,4755,view,2021-12-24 06:36:23,23971590
70787,4731,view,2021-12-24 06:36:23,23971591
167108,4753,view,2021-12-24 06:36:24,23971592
167108,4734,view,2021-12-24 06:36:24,23971593
137173,4690,view,2021-12-24 06:36:24,23971594
133680,4638,like,2021-12-24 06:36:25,23971595
72259,4620,view,2021-12-24 06:36:25,23971596
137173,4631,like,2021-12-24 06:36:25,23971597
111423,4703,like,2021-12-24 06:36:25,23971598
74386,4744,view,2021-12-24 06:36:26,23971599
2561,4620,like,2021-12-24 06:36:26,23971600
141029,4538,view,2021-12-24 06:36:27,23971601
158841,4729,view,2021-12-24 06:36:27,23971602
38198,4695,view,2021-12-24 06:36:27,23971603
167939,4748,view,2021-12-24 06:36:28,23971604
149707,4670,view,2021-12-24 06:36:28,23971605
55120,4703,view,2021-12-24 06:36:28,23971606
71254,4658,view,2021-12-24 06:36:28,23971607
128563,4617,view,2021-12-24 06:36:28,23971608
118112,4727,view,2021-12-24 06:36:28,23971609
129875,4685,view,2021-12-24 06:36:28,23971610
134941,4694,view,2021-12-24 06:36:29,23971611
2561,4748,view,2021-12-24 06:36:29,23971612
68812,4749,view,2021-12-24 06:36:29,23971613
118163,4562,view,2021-12-24 06:36:29,23971614
135365,4554,view,2021-12-24 06:36:29,23971615
162880,4641,like,2021-12-24 06:36:29,23971616
118112,4752,view,2021-12-24 06:36:29,23971617
128563,4644,like,2021-12-24 06:36:30,23971618
134941,4666,view,2021-12-24 06:36:30,23971619
52923,4708,like,2021-12-24 06:36:30,23971620
128563,4714,view,2021-12-24 06:36:30,23971621
145212,4751,view,2021-12-24 06:36:31,23971622
129875,4756,view,2021-12-24 06:36:31,23971623
162880,4751,view,2021-12-24 06:36:31,23971624
141029,4759,view,2021-12-24 06:36:31,23971625
70787,4714,view,2021-12-24 06:36:31,23971626
9519,4756,view,2021-12-24 06:36:31,23971627
164751,4692,view,2021-12-24 06:36:31,23971628
65790,4638,view,2021-12-24 06:36:32,23971629
137173,4728,view,2021-12-24 06:36:32,23971630
65920,4691,view,2021-12-24 06:36:32,23971631
145212,4638,like,2021-12-24 06:36:32,23971632
112489,4710,view,2021-12-24 06:36:32,23971633
72645,4668,view,2021-12-24 06:36:32,23971634
134081,4684,view,2021-12-24 06:36:33,23971635
65920,4714,view,2021-12-24 06:36:33,23971636
128517,4620,view,2021-12-24 06:36:33,23971637
60327,4729,view,2021-12-24 06:36:33,23971638
70404,4756,view,2021-12-24 06:36:34,23971639
9324,4697,view,2021-12-24 06:36:34,23971640
53948,4690,like,2021-12-24 06:36:34,23971641
135365,4586,like,2021-12-24 06:36:34,23971642
72751,4713,view,2021-12-24 06:36:35,23971643
70787,4745,view,2021-12-24 06:36:35,23971644
145668,4761,like,2021-12-24 06:36:35,23971645
71254,4635,view,2021-12-24 06:36:35,23971646
118163,4562,like,2021-12-24 06:36:36,23971647
32020,4627,view,2021-12-24 06:36:36,23971648
133680,4666,view,2021-12-24 06:36:36,23971649
70787,4756,view,2021-12-24 06:36:36,23971650
111423,4624,view,2021-12-24 06:36:36,23971651
115830,4691,view,2021-12-24 06:36:36,23971652
139704,4638,view,2021-12-24 06:36:37,23971653
163523,4684,view,2021-12-24 06:36:37,23971654
48917,4636,view,2021-12-24 06:36:37,23971655
9519,4750,like,2021-12-24 06:36:37,23971656
111333,4595,like,2021-12-24 06:36:38,23971657
53948,4650,view,2021-12-24 06:36:38,23971658
60327,4719,view,2021-12-24 06:36:38,23971659
165128,4602,view,2021-12-24 06:36:38,23971660
24957,4684,view,2021-12-24 06:36:38,23971661
163523,4732,view,2021-12-24 06:36:38,23971662
167108,4450,view,2021-12-24 06:36:39,23971663
162880,4553,view,2021-12-24 06:36:39,23971664
32020,4747,view,2021-12-24 06:36:40,23971665
70787,4708,view,2021-12-24 06:36:40,23971666
139185,4714,view,2021-12-24 06:36:40,23971667
131304,4627,view,2021-12-24 06:36:40,23971668
65276,4450,view,2021-12-24 06:36:41,23971669
131664,4710,like,2021-12-24 06:36:41,23971670
145668,4748,like,2021-12-24 06:36:41,23971671
163269,4641,view,2021-12-24 06:36:42,23971672
32020,4623,view,2021-12-24 06:36:42,23971673
129875,4636,view,2021-12-24 06:36:43,23971674
164482,4562,like,2021-12-24 06:36:43,23971675
141841,4623,like,2021-12-24 06:36:44,23971676
74386,4638,view,2021-12-24 06:36:44,23971677
158841,4729,like,2021-12-24 06:36:44,23971678
111423,4737,view,2021-12-24 06:36:44,23971679
65790,4627,view,2021-12-24 06:36:44,23971680
70787,4758,view,2021-12-24 06:36:44,23971681
128563,4631,like,2021-12-24 06:36:44,23971682
166431,4693,like,2021-12-24 06:36:45,23971683
9074,4714,like,2021-12-24 06:36:45,23971684
72342,4760,view,2021-12-24 06:36:45,23971685
70404,4757,view,2021-12-24 06:36:45,23971686
9324,4666,view,2021-12-24 06:36:46,23971687
18454,4748,view,2021-12-24 06:36:46,23971688
14698,4710,view,2021-12-24 06:36:46,23971689
136029,4748,view,2021-12-24 06:36:46,23971690
55120,4734,view,2021-12-24 06:36:46,23971691
163269,4746,view,2021-12-24 06:36:47,23971692
165759,4729,view,2021-12-24 06:36:47,23971693
166431,4631,view,2021-12-24 06:36:47,23971694
52923,4679,view,2021-12-24 06:36:47,23971695
74386,4747,view,2021-12-24 06:36:47,23971696
73926,4644,view,2021-12-24 06:36:48,23971697
162880,4757,view,2021-12-24 06:36:48,23971698
128517,4641,view,2021-12-24 06:36:48,23971699
158119,4748,view,2021-12-24 06:36:48,23971700
117390,4624,view,2021-12-24 06:36:48,23971701
59494,4638,view,2021-12-24 06:36:49,23971702
163269,4755,view,2021-12-24 06:36:49,23971703
156863,4745,view,2021-12-24 06:36:49,23971704
164482,4658,view,2021-12-24 06:36:49,23971705
139185,4714,like,2021-12-24 06:36:49,23971706
73926,4697,view,2021-12-24 06:36:50,23971707
59974,4666,view,2021-12-24 06:36:50,23971708
122765,4679,view,2021-12-24 06:36:50,23971709
9074,4724,view,2021-12-24 06:36:50,23971710
122765,4602,view,2021-12-24 06:36:51,23971711
145977,4697,like,2021-12-24 06:36:51,23971712
111333,4721,view,2021-12-24 06:36:51,23971713
65790,4734,view,2021-12-24 06:36:51,23971714
60327,4687,view,2021-12-24 06:36:51,23971715
162880,4737,like,2021-12-24 06:36:51,23971716
163523,4627,view,2021-12-24 06:36:52,23971717
145977,4644,view,2021-12-24 06:36:52,23971718
2561,4756,view,2021-12-24 06:36:52,23971719
2561,4538,view,2021-12-24 06:36:52,23971720
134941,4756,view,2021-12-24 06:36:53,23971721
145977,4695,view,2021-12-24 06:36:53,23971722
117390,4624,like,2021-12-24 06:36:53,23971723
128135,4684,view,2021-12-24 06:36:53,23971724
40036,4697,like,2021-12-24 06:36:54,23971725
50029,4739,view,2021-12-24 06:36:54,23971726
164751,4746,view,2021-12-24 06:36:54,23971727
165759,4729,like,2021-12-24 06:36:55,23971728
158189,4719,view,2021-12-24 06:36:55,23971729
24957,4620,view,2021-12-24 06:36:55,23971730
141029,4761,view,2021-12-24 06:36:55,23971731
72751,4611,like,2021-12-24 06:36:55,23971732
14698,4744,view,2021-12-24 06:36:55,23971733
125933,4641,view,2021-12-24 06:36:56,23971734
139680,4635,view,2021-12-24 06:36:56,23971735
112489,4602,view,2021-12-24 06:36:56,23971736
9324,4666,like,2021-12-24 06:36:56,23971737
154113,4690,view,2021-12-24 06:36:56,23971738
125933,4685,view,2021-12-24 06:36:56,23971739
58045,4714,view,2021-12-24 06:36:56,23971740
13621,4617,view,2021-12-24 06:36:57,23971741
73926,4631,view,2021-12-24 06:36:57,23971742
60327,4627,view,2021-12-24 06:36:57,23971743
159699,4679,view,2021-12-24 06:36:57,23971744
32020,4623,like,2021-12-24 06:36:57,23971745
50029,4757,view,2021-12-24 06:36:58,23971746
134941,4744,like,2021-12-24 06:36:59,23971747
9324,4757,view,2021-12-24 06:36:59,23971748
50029,4691,view,2021-12-24 06:37:00,23971749
128338,4666,view,2021-12-24 06:37:00,23971750
133680,4731,view,2021-12-24 06:37:00,23971751
165587,4714,view,2021-12-24 06:37:00,23971752
134081,4731,view,2021-12-24 06:37:00,23971753
52923,4697,view,2021-12-24 06:37:00,23971754
2561,4714,like,2021-12-24 06:37:00,23971755
118112,4699,view,2021-12-24 06:37:01,23971756
149707,4739,view,2021-12-24 06:37:01,23971757
9324,4748,view,2021-12-24 06:37:02,23971758
112489,4644,view,2021-12-24 06:37:02,23971759
158119,4717,view,2021-12-24 06:37:02,23971760
58062,4729,view,2021-12-24 06:37:02,23971761
145668,4635,view,2021-12-24 06:37:03,23971762
73381,4748,view,2021-12-24 06:37:03,23971763
22756,4748,view,2021-12-24 06:37:03,23971764
53948,4617,like,2021-12-24 06:37:04,23971765
32020,4487,view,2021-12-24 06:37:04,23971766
22756,4740,view,2021-12-24 06:37:04,23971767
55120,4757,view,2021-12-24 06:37:05,23971768
145977,4753,view,2021-12-24 06:37:05,23971769
9519,4605,view,2021-12-24 06:37:05,23971770
40036,4679,view,2021-12-24 06:37:05,23971771
158119,4748,like,2021-12-24 06:37:05,23971772
72259,4708,view,2021-12-24 06:37:06,23971773
38198,4758,view,2021-12-24 06:37:06,23971774
58045,4710,view,2021-12-24 06:37:06,23971775
165759,4638,like,2021-12-24 06:37:07,23971776
163269,4751,view,2021-12-24 06:37:07,23971777
65790,4638,like,2021-12-24 06:37:07,23971778
59494,4715,view,2021-12-24 06:37:07,23971779
71852,4450,view,2021-12-24 06:37:07,23971780
122765,4731,like,2021-12-24 06:37:07,23971781
70787,4739,view,2021-12-24 06:37:07,23971782
112489,4734,view,2021-12-24 06:37:08,23971783
122765,4487,view,2021-12-24 06:37:08,23971784
9074,4679,view,2021-12-24 06:37:08,23971785
59974,4627,view,2021-12-24 06:37:08,23971786
60327,4644,view,2021-12-24 06:37:08,23971787
74386,4644,view,2021-12-24 06:37:08,23971788
59974,4695,view,2021-12-24 06:37:08,23971789
134941,4741,view,2021-12-24 06:37:08,23971790
165128,4602,like,2021-12-24 06:37:08,23971791
158189,4753,view,2021-12-24 06:37:08,23971792
122765,4714,view,2021-12-24 06:37:09,23971793
115830,4729,view,2021-12-24 06:37:09,23971794
163523,4644,view,2021-12-24 06:37:09,23971795
162880,4673,view,2021-12-24 06:37:10,23971796
145977,4668,view,2021-12-24 06:37:10,23971797
139963,4732,view,2021-12-24 06:37:10,23971798
167108,4740,view,2021-12-24 06:37:10,23971799
71852,4605,view,2021-12-24 06:37:10,23971800
154113,4602,like,2021-12-24 06:37:10,23971801
165587,4746,view,2021-12-24 06:37:10,23971802
65276,4687,like,2021-12-24 06:37:10,23971803
3857,4697,view,2021-12-24 06:37:10,23971804
131664,4644,view,2021-12-24 06:37:11,23971805
125933,4724,view,2021-12-24 06:37:11,23971806
15645,4717,view,2021-12-24 06:37:12,23971807
58062,4605,view,2021-12-24 06:37:12,23971808
71254,4739,view,2021-12-24 06:37:12,23971809
128517,4617,view,2021-12-24 06:37:12,23971810
164482,4732,view,2021-12-24 06:37:12,23971811
145212,4695,view,2021-12-24 06:37:13,23971812
58045,4741,view,2021-12-24 06:37:13,23971813
15645,4732,view,2021-12-24 06:37:13,23971814
158661,4673,view,2021-12-24 06:37:14,23971815
115830,4617,view,2021-12-24 06:37:14,23971816
