timestamp,user_id,post_id,action,target
2021-11-15 23:02:54,98470,1176,view,0
2021-11-15 23:04:45,98470,2666,view,0
2021-11-15 23:06:33,98470,4049,view,0
2021-11-15 23:07:55,98470,6497,view,0
2021-11-15 23:08:34,98470,3977,view,0
2021-11-15 23:11:30,98470,1537,view,0
2021-11-15 23:11:42,98470,5034,view,1
2021-11-15 23:12:36,98470,5034,like,0
2021-11-15 23:12:38,98470,4927,view,0
2021-11-15 23:14:54,98470,1483,view,0
2021-11-15 23:17:17,98470,1776,view,0
2021-11-15 23:19:39,98470,82,view,1
2021-11-15 23:19:58,98470,82,like,0
2021-11-17 15:30:23,98470,2484,view,0
2021-11-17 15:30:54,98470,6542,view,1
2021-11-17 15:32:59,98470,6542,like,0
2021-11-17 15:33:01,98470,4874,view,0
2021-11-17 15:34:46,98470,5776,view,1
2021-11-17 15:37:03,98470,5776,like,0
2021-11-17 15:37:05,98470,6523,view,0
2021-11-17 15:38:57,98470,2153,view,0
2021-11-17 15:41:28,98470,2937,view,1
2021-11-17 15:43:26,98470,2937,like,0
2021-11-17 15:43:28,98470,6452,view,0
2021-11-17 15:45:12,98470,4234,view,0
2021-11-17 15:47:19,98470,4264,view,0
2021-11-17 15:48:35,98470,2140,view,0
2021-11-17 15:49:28,98470,454,view,0
2021-11-17 15:51:52,98470,5925,view,0
2021-11-17 15:54:43,98470,7286,view,0
2021-11-17 15:57:36,98470,5716,view,1
2021-11-17 15:59:14,98470,5716,like,0
2021-11-17 15:59:16,98470,6059,view,0
2021-11-17 16:01:23,98470,404,view,1
2021-11-17 16:02:45,98470,404,like,0
2021-11-17 16:02:47,98470,6218,view,0
2021-11-17 16:03:05,98470,1541,view,0
2021-11-17 16:05:10,98470,5049,view,0
2021-11-17 16:08:03,98470,1095,view,0
2021-11-17 16:10:19,98470,1214,view,0
2021-11-17 16:12:20,98470,1080,view,0
2021-11-17 16:14:42,98470,6456,view,1
2021-11-17 16:17:36,98470,6456,like,0
2021-11-17 16:17:38,98470,3873,view,0
2021-11-24 09:45:51,98470,3640,view,0
2021-11-24 09:46:50,98470,4657,view,0
2021-11-24 09:47:47,98470,4693,view,1
2021-11-24 09:48:56,98470,4693,like,0
2021-11-24 09:48:58,98470,207,view,0
2021-11-24 09:49:59,98470,3887,view,0
2021-11-24 09:51:57,98470,7143,view,0
2021-11-24 09:53:34,98470,7301,view,0
2021-11-24 09:54:13,98470,5523,view,0
2021-11-24 09:54:57,98470,2028,view,0
2021-11-24 09:56:06,98470,6355,view,0
2021-11-24 09:57:07,98470,5306,view,0
2021-11-24 09:59:45,98470,4608,view,0
2021-11-24 10:00:36,98470,2055,view,0
2021-11-24 10:02:14,98470,2115,view,0
2021-11-24 10:04:34,98470,5187,view,0
2021-11-24 10:06:04,98470,1815,view,1
2021-11-24 10:07:06,98470,1815,like,0
2021-11-24 10:07:08,98470,2279,view,0
2021-11-24 10:08:20,98470,1358,view,0
2021-11-24 10:09:52,98470,594,view,0
2021-11-24 10:12:37,98470,4132,view,0
2021-11-24 10:13:12,98470,6606,view,1
2021-11-24 10:15:27,98470,6606,like,0
2021-11-24 10:15:29,98470,6295,view,0
2021-11-24 10:17:44,98470,6006,view,0
2021-11-24 10:20:38,98470,1562,view,1
2021-11-24 10:22:34,98470,1562,like,0
2021-11-24 10:22:36,98470,1238,view,0
2021-11-24 10:23:02,98470,6238,view,0
2021-11-24 10:25:47,98470,1356,view,0
2021-11-24 10:27:43,98470,4943,view,0
2021-11-24 10:28:35,98470,1310,view,0
2021-11-24 10:29:58,98470,98,view,0
2021-11-24 10:30:37,98470,1426,view,0
2021-11-26 08:04:11,98470,4434,view,1
2021-11-26 08:06:26,98470,4434,like,0
2021-11-26 08:06:28,98470,2559,view,1
2021-11-26 08:06:52,98470,2559,like,0
2021-11-26 08:06:54,98470,3102,view,0
2021-11-26 08:07:10,98470,5010,view,0
2021-11-26 08:08:15,98470,4977,view,0
2021-11-26 08:09:16,98470,4779,view,1
2021-11-26 08:11:57,98470,4779,like,0
2021-11-26 08:11:59,98470,3819,view,0
2021-11-26 08:13:06,98470,4981,view,0
2021-11-26 08:15:30,98470,3414,view,0
2021-11-26 08:16:14,98470,6820,view,1
2021-11-26 08:17:38,98470,6820,like,0
2021-11-26 08:17:40,98470,3562,view,0
2021-11-26 08:18:41,98470,2965,view,0
2021-11-26 08:19:29,98470,1399,view,0
2021-11-26 08:21:48,98470,2611,view,0
2021-11-26 08:22:14,98470,1680,view,0
2021-11-26 08:24:12,98470,746,view,0
2021-11-26 08:25:19,98470,5812,view,1
2021-11-26 08:27:21,98470,5812,like,0
2021-11-26 08:27:23,98470,151,view,0
2021-11-26 08:29:27,98470,1864,view,0
2021-11-26 08:30:00,98470,2454,view,0
2021-11-26 08:30:43,98470,554,view,0
2021-11-26 08:32:48,98470,1311,view,1
2021-11-26 08:35:03,98470,1311,like,0
2021-11-26 08:35:05,98470,2001,view,0
2021-11-30 15:29:26,98470,302,view,1
2021-11-30 15:30:30,98470,302,like,0
2021-11-30 15:30:32,98470,5466,view,0
2021-11-30 15:30:55,98470,6616,view,0
2021-11-30 15:33:44,98470,4277,view,1
2021-11-30 15:36:22,98470,4277,like,0
2021-11-30 15:36:24,98470,1056,view,0
2021-11-30 15:38:51,98470,6904,view,0
2021-11-30 15:40:03,98470,4730,view,0
2021-11-30 15:42:34,98470,6159,view,0
2021-11-30 15:43:58,98470,4801,view,0
2021-11-30 15:45:28,98470,4583,view,0
2021-11-30 15:45:44,98470,6886,view,0
2021-11-30 15:46:33,98470,2362,view,0
2021-11-30 15:47:26,98470,1153,view,0
2021-11-30 15:48:55,98470,1419,view,0
2021-11-30 15:50:38,98470,1173,view,0
2021-11-10 10:54:15,25588,4372,like,0
2021-11-10 10:54:17,25588,6740,view,0
2021-11-10 10:56:34,25588,2379,view,1
2021-11-10 10:58:01,25588,2379,like,0
2021-11-10 10:58:03,25588,895,view,1
2021-11-10 10:59:05,25588,895,like,0
2021-11-10 10:59:07,25588,4202,view,0
2021-11-10 10:59:20,25588,3465,view,0
2021-11-10 11:00:57,25588,6338,view,1
2021-11-10 11:03:53,25588,6338,like,0
2021-11-10 11:03:55,25588,7287,view,0
2021-11-10 11:06:08,25588,2665,view,0
2021-11-10 11:07:28,25588,3777,view,0
2021-11-10 11:10:23,25588,1122,view,0
2021-11-10 11:12:15,25588,1928,view,0
2021-11-10 11:14:10,25588,4329,view,0
2021-11-10 11:15:13,25588,2135,view,0
2021-11-10 11:15:58,25588,3460,view,1
2021-11-10 11:18:10,25588,3460,like,0
2021-11-10 11:18:12,25588,3425,view,1
2021-11-10 11:20:40,25588,3425,like,0
2021-11-10 11:20:42,25588,2577,view,0
2021-11-10 11:23:05,25588,5304,view,0
2021-11-10 11:23:40,25588,6945,view,0
2021-11-10 11:24:00,25588,498,view,0
2021-11-10 11:24:38,25588,3620,view,0
2021-11-10 11:26:23,25588,1915,view,0
2021-11-10 11:28:15,25588,3801,view,0
2021-11-10 11:29:33,25588,3352,view,0
2021-11-10 11:32:31,25588,5584,view,0
2021-11-12 18:19:45,25588,2474,view,0
2021-11-12 18:22:25,25588,7235,view,0
2021-11-12 18:25:07,25588,699,view,1
2021-11-12 18:26:23,25588,699,like,0
2021-11-12 18:26:25,25588,1923,view,0
2021-11-12 18:26:36,25588,5757,view,0
2021-11-12 18:29:00,25588,4536,view,0
2021-11-12 18:30:03,25588,7162,view,0
2021-11-12 18:31:10,25588,1992,view,1
2021-11-12 18:32:19,25588,1992,like,0
2021-11-12 18:32:21,25588,5972,view,0
2021-11-12 18:34:06,25588,1235,view,1
2021-11-12 18:34:28,25588,1235,like,0
2021-11-12 18:34:30,25588,1221,view,0
2021-11-12 18:35:56,25588,4041,view,0
2021-11-12 18:38:22,25588,5355,view,0
2021-11-12 18:39:01,25588,6133,view,0
2021-11-12 18:41:04,25588,3783,view,0
2021-11-12 18:41:14,25588,1546,view,0
2021-11-12 18:42:43,25588,2568,view,0
2021-11-12 18:43:24,25588,2106,view,0
2021-11-12 18:45:45,25588,5914,view,1
2021-11-12 18:47:03,25588,5914,like,0
2021-11-12 18:47:05,25588,2243,view,0
2021-11-12 18:47:38,25588,6053,view,0
2021-11-12 18:48:28,25588,6298,view,0
2021-11-19 07:47:30,25588,6628,view,1
2021-11-19 07:50:09,25588,6628,like,0
2021-11-19 07:50:11,25588,737,view,0
2021-11-19 07:51:15,25588,5621,view,0
2021-11-19 07:52:26,25588,1375,view,1
2021-11-19 07:54:42,25588,1375,like,0
2021-11-19 07:54:44,25588,4237,view,0
2021-11-19 07:57:32,25588,4313,view,1
2021-11-19 07:59:49,25588,4313,like,0
2021-11-19 07:59:51,25588,6763,view,0
2021-11-19 08:02:01,25588,400,view,0
2021-11-19 08:04:07,25588,5985,view,0
2021-11-19 08:05:26,25588,296,view,0
2021-11-19 08:07:53,25588,3716,view,1
2021-11-19 08:10:47,25588,3716,like,0
2021-11-19 08:10:49,25588,818,view,0
2021-11-19 08:11:23,25588,167,view,0
2021-11-19 08:14:06,25588,3915,view,1
2021-11-19 08:16:19,25588,3915,like,0
2021-11-19 08:16:21,25588,6030,view,1
2021-11-19 08:18:01,25588,6030,like,0
2021-11-19 08:18:03,25588,5472,view,0
2021-11-19 08:19:50,25588,6362,view,0
2021-11-19 08:20:03,25588,3426,view,0
2021-11-19 08:21:42,25588,5955,view,1
2021-11-19 08:24:16,25588,5955,like,0
2021-11-19 08:24:18,25588,2842,view,0
2021-11-19 08:26:12,25588,6415,view,0
2021-11-19 08:27:52,25588,1693,view,0
2021-11-19 08:30:21,25588,1951,view,0
2021-11-19 08:30:56,25588,3916,view,0
2021-11-19 08:32:16,25588,1150,view,0
2021-11-19 08:33:09,25588,3937,view,1
2021-11-19 08:35:46,25588,3937,like,0
2021-11-19 08:35:48,25588,5619,view,0
2021-11-30 16:31:49,25588,68,view,0
2021-11-30 16:32:52,25588,7136,view,0
2021-11-30 16:35:14,25588,6765,view,0
2021-11-30 16:37:36,25588,7248,view,0
2021-11-30 16:38:01,25588,140,view,0
2021-11-30 16:40:23,25588,131,view,0
2021-11-30 16:41:09,25588,4758,view,0
2021-11-30 16:43:04,25588,6251,view,0
2021-11-30 16:45:57,25588,318,view,0
2021-11-30 16:47:39,25588,3803,view,0
2021-11-30 16:50:16,25588,351,view,0
2021-11-30 16:50:28,25588,4173,view,0
2021-11-30 16:52:14,25588,1082,view,0
2021-11-30 16:54:35,25588,3944,view,0
2021-11-30 16:55:02,25588,2326,view,0
2021-11-30 16:56:11,25588,2510,view,0
2021-11-30 16:56:31,25588,3772,view,0
2021-11-30 16:59:16,25588,2873,view,0
2021-11-30 17:00:36,25588,1702,view,1
2021-11-30 17:01:26,25588,1702,like,0
2021-11-30 17:01:28,25588,3817,view,0
2021-11-30 17:02:17,25588,2741,view,0
2021-11-30 17:03:27,25588,6004,view,0
2021-12-03 22:18:00,25588,5796,view,0
2021-12-03 22:19:16,25588,162,view,1
2021-12-03 22:20:50,25588,162,like,0
2021-12-03 22:20:52,25588,5214,view,0
2021-12-03 22:21:20,25588,5681,view,0
2021-12-03 22:23:56,25588,5340,view,0
2021-12-03 22:24:46,25588,1137,view,0
2021-12-03 22:26:08,25588,5922,view,0
2021-12-03 22:27:56,25588,3936,view,0
2021-12-03 22:28:34,25588,4892,view,0
2021-12-03 22:28:56,25588,1994,view,0
2021-12-03 22:29:41,25588,680,view,0
2021-12-03 22:31:58,25588,3241,view,1
2021-12-03 22:34:35,25588,3241,like,0
2021-12-03 22:34:37,25588,2052,view,0
2021-12-03 22:36:24,25588,603,view,0
2021-12-03 22:36:38,25588,1072,view,0
2021-12-03 22:37:39,25588,975,view,1
2021-12-03 22:38:08,25588,975,like,0
2021-12-03 22:38:10,25588,1777,view,0
2021-12-03 22:39:37,25588,1291,view,0
2021-12-03 22:39:52,25588,4374,view,0
2021-12-03 22:41:26,25588,6153,view,1
2021-12-03 22:41:35,25588,6153,like,0
2021-12-03 22:41:37,25588,1531,view,0
2021-12-03 22:42:25,25588,1532,view,0
2021-12-03 22:44:32,25588,1124,view,0
2021-12-03 22:46:40,25588,1394,view,0
2021-12-03 22:48:11,25588,5172,view,0
2021-12-03 22:50:27,25588,4408,view,0
2021-12-03 22:51:55,25588,6760,view,0
2021-12-03 22:52:15,25588,1197,view,0
2021-12-03 22:54:11,25588,5812,view,0
2021-12-03 22:57:07,25588,1486,view,1
2021-12-03 22:58:57,25588,1486,like,0
2021-12-15 14:19:39,25588,7201,view,0
2021-12-15 14:22:00,25588,211,view,0
2021-12-15 14:22:49,25588,514,view,1
2021-12-15 14:23:21,25588,514,like,0
2021-12-15 14:23:23,25588,6148,view,1
2021-12-15 14:23:43,25588,6148,like,0
2021-12-15 14:23:45,25588,2061,view,1
2021-12-15 14:24:16,25588,2061,like,0
2021-12-15 14:24:18,25588,509,view,1
2021-12-15 14:26:07,25588,509,like,0
2021-12-15 14:26:09,25588,7094,view,0
2021-12-15 14:26:55,25588,6461,view,0
2021-12-15 14:27:21,25588,3078,view,0
2021-12-15 14:30:09,25588,6893,view,0
2021-12-15 14:32:21,25588,475,view,0
2021-12-15 14:32:43,25588,3204,view,1
2021-12-15 14:34:03,25588,3204,like,0
2021-12-15 14:34:05,25588,45,view,1
2021-12-15 14:35:15,25588,45,like,0
2021-12-15 14:35:17,25588,4597,view,0
2021-12-15 14:36:45,25588,2617,view,0
2021-12-15 14:39:00,25588,6287,view,0
2021-12-15 14:41:05,25588,1494,view,0
2021-12-15 14:41:55,25588,1106,view,0
2021-12-15 14:43:18,25588,5970,view,0
2021-12-15 14:43:49,25588,3070,view,0
2021-12-15 14:44:07,25588,1534,view,0
2021-12-15 14:46:11,25588,2518,view,0
2021-12-15 14:48:52,25588,6218,view,0
2021-12-15 14:49:02,25588,3356,view,0
2021-12-15 14:49:49,25588,3576,view,0
2021-12-15 14:50:34,25588,1561,view,0
2021-12-15 14:53:31,25588,7222,view,0
2021-12-15 14:54:35,25588,2477,view,0
2021-12-15 14:56:59,25588,1833,view,0
2021-12-15 14:58:10,25588,3870,view,0
2021-12-17 17:11:31,25588,189,view,0
2021-12-17 17:12:06,25588,4424,view,0
2021-12-17 17:14:22,25588,4886,view,1
2021-12-17 17:15:08,25588,4886,like,0
2021-12-17 17:15:10,25588,4989,view,1
2021-12-17 17:16:20,25588,4989,like,0
2021-12-17 17:16:22,25588,289,view,0
2021-12-17 17:17:55,25588,4143,view,0
2021-12-17 17:18:54,25588,7197,view,0
2021-12-17 17:19:58,25588,6237,view,0
2021-12-17 17:21:07,25588,3939,view,1
2021-12-17 17:22:47,25588,3939,like,0
2021-12-17 17:22:49,25588,3102,view,0
2021-12-17 17:23:33,25588,6375,view,1
2021-12-17 17:25:16,25588,6375,like,0
2021-12-17 17:25:18,25588,5141,view,0
2021-12-17 17:25:41,25588,4283,view,0
2021-12-17 17:28:25,25588,4412,view,0
2021-12-17 17:28:49,25588,2650,view,1
2021-12-17 17:31:07,25588,2650,like,0
2021-12-17 17:31:09,25588,3334,view,0
2021-12-17 17:32:14,25588,4636,view,0
2021-12-17 17:34:10,25588,3720,view,0
2021-12-17 17:36:42,25588,3361,view,0
2021-12-17 17:38:57,25588,5163,view,0
2021-12-17 17:41:08,25588,6909,view,1
2021-12-17 17:43:15,25588,6909,like,0
2021-12-17 17:43:17,25588,5705,view,0
2021-12-17 17:44:17,25588,194,view,1
2021-12-17 17:45:01,25588,194,like,0
2021-12-17 17:45:03,25588,1993,view,0
2021-12-21 15:35:01,12071,4839,view,0
2021-12-21 15:35:42,12071,1342,view,0
2021-12-21 15:38:15,12071,6309,view,0
2021-12-21 15:38:57,12071,2140,view,0
2021-12-21 15:41:19,12071,1322,view,0
2021-12-21 15:42:04,12071,1601,view,0
2021-12-21 15:42:38,12071,5187,view,0
2021-12-21 15:43:26,12071,2491,view,0
2021-12-21 15:45:42,12071,5390,view,0
2021-12-21 15:46:11,12071,3863,view,0
2021-12-21 15:47:23,12071,1917,view,0
2021-12-21 15:49:46,12071,1834,view,0
2021-12-21 15:52:25,12071,2751,view,0
2021-12-21 15:52:53,12071,1737,view,0
2021-12-21 15:55:41,12071,477,view,0
2021-12-21 15:57:55,12071,1537,view,0
2021-12-21 15:58:36,12071,1636,view,0
2021-12-22 16:25:32,12071,4454,view,0
2021-12-22 16:27:16,12071,85,view,0
2021-12-22 16:27:42,12071,2498,view,0
2021-12-22 16:29:10,12071,6279,view,0
2021-12-22 16:30:42,12071,528,view,0
2021-12-22 16:31:52,12071,5495,view,0
2021-12-22 16:32:15,12071,4668,view,0
2021-12-22 16:34:00,12071,6751,view,0
2021-12-22 16:34:53,12071,5215,view,0
2021-12-22 16:37:09,12071,492,view,0
2021-12-22 16:37:27,12071,5254,view,0
2021-12-22 16:38:56,12071,1199,view,0
2021-12-22 16:41:51,12071,4191,view,0
2021-12-22 16:42:36,12071,5930,view,0
2021-12-22 16:45:24,12071,693,view,0
2021-12-22 16:46:40,12071,1746,view,0
2021-12-22 16:48:13,12071,30,view,0
2021-12-22 16:49:43,12071,1524,view,0
2021-12-22 16:52:29,12071,1059,view,0
2021-12-22 16:53:26,12071,3253,view,0
2021-12-22 16:54:42,12071,6253,view,0
2021-12-22 16:56:36,12071,3515,view,0
2021-12-22 16:58:19,12071,980,view,0
2021-12-22 17:01:13,12071,2810,view,0
2021-12-22 17:03:40,12071,1255,view,0
2021-12-22 17:04:56,12071,3618,view,0
2021-12-22 17:07:14,12071,3841,view,0
2021-12-22 17:07:58,12071,4050,view,0
2021-12-22 17:09:23,12071,3545,view,0
2021-10-05 09:43:47,12072,5218,view,1
2021-10-05 09:44:49,12072,5218,like,0
2021-10-05 09:44:51,12072,2417,view,0
2021-10-05 09:46:40,12072,5149,view,0
2021-10-05 09:49:20,12072,4642,view,0
2021-10-05 09:49:31,12072,3053,view,1
2021-10-05 09:49:50,12072,3053,like,0
2021-10-05 09:49:52,12072,4034,view,0
2021-10-05 09:52:22,12072,6676,view,0
2021-10-05 09:55:13,12072,5840,view,0
2021-10-05 09:55:25,12072,7097,view,1
2021-10-05 09:57:55,12072,7097,like,0
2021-10-05 09:57:57,12072,2546,view,0
2021-10-05 10:00:46,12072,3985,view,0
2021-10-05 10:02:39,12072,4119,view,0
2021-10-05 10:05:04,12072,7049,view,0
2021-10-05 10:06:39,12072,5546,view,0
2021-10-05 10:06:49,12072,6716,view,1
2021-10-05 10:08:21,12072,6716,like,0
2021-10-05 10:08:23,12072,5829,view,0
2021-10-05 10:10:55,12072,6094,view,0
2021-10-05 10:13:42,12072,768,view,1
2021-10-05 10:14:00,12072,768,like,0
2021-10-05 10:14:02,12072,151,view,0
2021-10-05 10:14:41,12072,5287,view,0
2021-10-05 10:16:49,12072,3772,view,1
2021-10-05 10:16:58,12072,3772,like,0
2021-10-05 10:17:00,12072,204,view,0
2021-10-05 10:19:33,12072,6629,view,0
2021-10-05 10:21:24,12072,1878,view,0
2021-10-05 10:23:50,12072,733,view,1
2021-10-05 10:26:28,12072,733,like,0
2021-10-05 10:26:30,12072,4852,view,0
2021-10-05 10:26:41,12072,1818,view,0
2021-10-05 10:28:48,12072,1868,view,0
2021-10-05 10:30:03,12072,2356,view,1
2021-10-05 10:30:20,12072,2356,like,0
2021-10-05 10:30:22,12072,891,view,0
2021-10-05 10:32:27,12072,2619,view,0
2021-10-15 11:09:30,12072,4736,view,0
2021-10-15 11:11:57,12072,5411,view,0
2021-10-15 11:12:48,12072,2465,view,1
2021-10-15 11:13:54,12072,2465,like,0
2021-10-15 11:13:56,12072,1924,view,0
2021-10-15 11:14:46,12072,5330,view,0
2021-10-15 11:17:43,12072,3026,view,0
2021-10-15 11:19:26,12072,2966,view,0
2021-10-15 11:21:25,12072,3864,view,0
2021-10-15 11:23:20,12072,4681,view,1
2021-10-15 11:24:07,12072,4681,like,0
2021-10-15 11:24:09,12072,4688,view,0
2021-10-15 11:24:50,12072,4187,view,0
2021-10-15 11:27:37,12072,4210,view,0
2021-10-15 11:28:25,12072,4907,view,0
2021-10-15 11:28:53,12072,5821,view,0
2021-10-15 11:29:57,12072,6224,view,0
2021-10-15 11:31:15,12072,6525,view,0
2021-10-15 11:33:41,12072,4136,view,0
2021-10-15 11:36:08,12072,330,view,0
2021-10-15 11:38:32,12072,4253,view,0
2021-10-15 11:40:14,12072,5199,view,0
2021-10-15 11:41:36,12072,718,view,0
2021-10-15 11:43:54,12072,962,view,0
2021-10-15 11:44:59,12072,445,view,0
2021-10-15 11:46:17,12072,2636,view,0
2021-10-15 11:48:54,12072,782,view,0
2021-10-15 11:50:41,12072,1890,view,0
2021-10-15 11:52:51,12072,2086,view,0
2021-10-15 11:53:08,12072,672,view,0
2021-10-15 11:54:10,12072,1101,view,0
2021-10-15 11:57:07,12072,1834,view,1
2021-10-15 11:59:13,12072,1834,like,0
2021-10-15 11:59:15,12072,834,view,0
2021-10-15 12:02:08,12072,3081,view,0
2021-10-15 12:04:50,12072,7126,view,0
2021-11-02 10:50:26,12072,4210,view,0
2021-11-02 10:53:18,12072,52,view,0
2021-11-02 10:53:36,12072,5220,view,0
2021-11-02 10:54:42,12072,4426,view,1
2021-11-02 10:56:40,12072,4426,like,0
2021-11-02 10:56:42,12072,4983,view,0
2021-11-02 10:58:19,12072,5374,view,0
2021-11-02 11:00:19,12072,4880,view,0
2021-11-02 11:02:18,12072,5229,view,1
2021-11-02 11:03:45,12072,5229,like,0
2021-11-02 11:03:47,12072,1124,view,0
2021-11-02 11:04:27,12072,5950,view,0
2021-11-02 11:07:03,12072,4859,view,1
2021-11-02 11:09:02,12072,4859,like,0
2021-11-02 11:09:04,12072,4083,view,1
2021-11-02 11:09:39,12072,4083,like,0
2021-11-02 11:09:41,12072,2733,view,0
2021-11-02 11:12:31,12072,1545,view,0
2021-11-02 11:15:04,12072,1129,view,1
2021-11-02 11:16:00,12072,1129,like,0
2021-11-02 11:16:02,12072,2747,view,0
2021-11-02 11:17:22,12072,2851,view,0
2021-11-02 11:18:03,12072,5293,view,1
2021-11-02 11:18:35,12072,5293,like,0
2021-11-02 11:18:37,12072,1678,view,0
2021-11-02 11:20:01,12072,1612,view,0
2021-11-02 11:22:31,12072,120,view,0
2021-11-02 11:23:22,12072,3096,view,0
2021-11-02 11:24:04,12072,895,view,0
2021-11-02 11:26:16,12072,4368,view,0
2021-11-02 11:26:51,12072,717,view,0
2021-11-02 11:27:21,12072,6096,view,0
2021-11-02 11:29:16,12072,4541,view,0
2021-11-02 11:31:22,12072,1703,view,0
2021-11-02 11:31:45,12072,1259,view,0
2021-11-02 11:32:15,12072,5863,view,0
2021-11-02 11:32:52,12072,1180,view,1
2021-11-02 11:35:16,12072,1180,like,0
2021-11-14 17:27:45,12072,3190,view,0
2021-11-14 17:29:51,12072,3053,view,0
2021-11-14 17:32:37,12072,7048,view,0
2021-11-14 17:33:30,12072,6885,view,0
2021-11-14 17:35:57,12072,3019,view,0
2021-11-14 17:38:11,12072,4432,view,0
2021-11-14 17:38:42,12072,3889,view,0
2021-11-14 17:39:03,12072,6607,view,0
2021-11-14 17:40:17,12072,3280,view,0
2021-11-14 17:42:30,12072,3826,view,0
2021-11-14 17:45:26,12072,772,view,1
2021-11-14 17:45:48,12072,772,like,0
2021-11-14 17:45:50,12072,6602,view,1
2021-11-14 17:46:02,12072,6602,like,0
2021-11-14 17:46:04,12072,706,view,0
2021-11-14 17:48:34,12072,1272,view,0
2021-11-14 17:49:37,12072,1482,view,0
2021-11-14 17:50:01,12072,856,view,0
2021-11-14 17:51:11,12072,318,view,0
2021-11-14 17:51:46,12072,1695,view,0
2021-11-14 17:53:49,12072,1877,view,0
2021-11-14 17:54:50,12072,1279,view,0
2021-11-14 17:55:19,12072,5421,view,0
2021-11-14 17:58:02,12072,4332,view,1
2021-11-14 17:59:40,12072,4332,like,0
2021-11-14 17:59:42,12072,3870,view,0
2021-11-14 18:01:31,12072,1688,view,0
2021-11-14 18:03:43,12072,3872,view,1
2021-11-14 18:05:35,12072,3872,like,0
2021-11-14 18:05:37,12072,210,view,0
2021-11-14 18:05:57,12072,390,view,0
2021-11-18 20:41:52,12072,4626,view,0
2021-11-18 20:44:43,12072,6470,view,0
2021-11-18 20:45:30,12072,4824,view,0
2021-11-18 20:46:24,12072,6294,view,1
2021-11-18 20:48:39,12072,6294,like,0
2021-11-18 20:48:41,12072,6590,view,0
2021-11-18 20:49:55,12072,5733,view,1
2021-11-18 20:50:45,12072,5733,like,0
2021-11-18 20:50:47,12072,4636,view,0
2021-11-18 20:52:30,12072,2961,view,1
2021-11-18 20:55:01,12072,2961,like,0
2021-11-18 20:55:03,12072,3279,view,0
2021-11-18 20:57:58,12072,2138,view,0
2021-11-18 20:59:36,12072,362,view,1
2021-11-18 21:00:35,12072,362,like,0
2021-11-18 21:00:37,12072,1899,view,0
2021-11-18 21:02:53,12072,4002,view,0
2021-11-18 21:03:21,12072,4388,view,0
2021-11-18 21:04:55,12072,1878,view,0
2021-11-18 21:05:27,12072,3498,view,0
2021-11-18 21:05:48,12072,3243,view,0
2021-11-18 21:07:43,12072,4273,view,1
2021-11-18 21:09:39,12072,4273,like,0
2021-11-18 21:09:41,12072,571,view,0
2021-11-18 21:10:15,12072,4097,view,0
2021-11-18 21:11:27,12072,251,view,1
2021-12-17 09:10:05,92317,4646,view,0
2021-12-17 09:11:58,92317,5734,view,0
2021-12-17 09:14:56,92317,613,view,0
2021-12-17 09:16:54,92317,5809,view,0
2021-12-17 09:19:38,92317,4909,view,1
2021-12-17 09:22:11,92317,4909,like,0
2021-12-17 09:22:13,92317,3730,view,0
2021-12-17 09:24:33,92317,2886,view,0
2021-12-17 09:25:14,92317,6052,view,0
2021-12-17 09:25:39,92317,4998,view,0
2021-12-17 09:27:36,92317,1227,view,0
2021-12-17 09:30:31,92317,2837,view,0
2021-12-17 09:33:02,92317,4426,view,0
2021-12-17 09:33:59,92317,2340,view,0
2021-12-17 09:36:03,92317,6863,view,0
2021-12-17 09:36:29,92317,2136,view,0
2021-12-17 09:38:36,92317,2748,view,1
2021-12-17 09:40:55,92317,2748,like,0
2021-12-17 09:40:57,92317,1853,view,0
2021-12-17 09:43:11,92317,2688,view,0
2021-12-17 09:45:01,92317,659,view,0
2021-12-17 09:45:53,92317,1707,view,0
2021-12-17 09:47:04,92317,1592,view,0
2021-12-17 09:49:16,92317,1304,view,0
2021-12-17 09:49:57,92317,1899,view,0
2021-12-17 09:50:15,92317,2292,view,0
2021-12-17 09:52:18,92317,1129,view,0
2021-12-17 09:54:43,92317,1215,view,0
2021-12-17 09:55:30,92317,1666,view,0
2021-12-17 09:56:00,92317,1507,view,0
2021-12-17 09:58:20,92317,2234,view,0
2021-12-17 09:59:46,92317,965,view,0
2021-12-17 10:00:52,92317,1877,view,0
2021-12-17 10:02:02,92317,964,view,0
2021-12-17 10:03:39,92317,502,view,0
2021-12-23 16:20:53,92317,4387,view,0
2021-12-23 16:21:11,92317,6867,view,0
2021-12-23 16:22:49,92317,4151,view,0
2021-12-23 16:24:01,92317,5348,view,0
2021-12-23 16:26:57,92317,4782,view,0
2021-12-23 16:28:23,92317,660,view,1
2021-12-23 16:29:29,92317,660,like,0
2021-12-23 16:29:31,92317,6116,view,0
2021-12-23 16:30:22,92317,5385,view,1
2021-12-23 16:31:59,92317,5385,like,0
2021-12-23 16:32:01,92317,7013,view,0
2021-12-23 16:34:44,92317,3748,view,0
2021-12-23 16:35:05,92317,4937,view,0
2021-12-23 16:37:21,92317,5934,view,0
2021-12-23 16:39:49,92317,4190,view,0
2021-12-23 16:41:47,92317,506,view,1
2021-12-23 16:43:13,92317,506,like,0
2021-12-23 16:43:15,92317,6844,view,0
2021-12-23 16:45:32,92317,6353,view,0
2021-12-23 16:46:12,92317,2076,view,1
2021-12-23 16:47:42,92317,2076,like,0
2021-12-23 16:47:44,92317,1156,view,0
2021-12-23 16:48:36,92317,1471,view,0
2021-12-23 16:49:28,92317,1437,view,0
2021-12-23 16:50:07,92317,3106,view,0
2021-12-23 16:51:22,92317,1175,view,0
2021-12-23 16:52:09,92317,2669,view,0
2021-12-23 16:54:02,92317,1289,view,0
2021-12-23 16:56:54,92317,1039,view,0
2021-12-23 16:57:41,92317,2590,view,0
2021-12-23 16:59:20,92317,1748,view,0
2021-12-23 16:59:47,92317,1371,view,0
2021-12-24 14:37:27,92317,3216,view,0
2021-12-24 14:40:03,92317,5985,view,0
2021-12-24 14:41:08,92317,3084,view,0
2021-12-24 14:42:10,92317,6331,view,1
2021-12-24 14:42:40,92317,6331,like,0
2021-12-24 14:42:42,92317,5974,view,0
2021-12-24 14:44:48,92317,3514,view,0
2021-12-24 14:46:48,92317,639,view,0
2021-12-24 14:47:06,92317,5889,view,0
2021-12-24 14:48:38,92317,5133,view,0
2021-12-24 14:51:31,92317,3491,view,1
2021-12-24 14:52:01,92317,3491,like,0
2021-12-24 14:52:03,92317,5876,view,0
2021-12-24 14:54:46,92317,6584,view,1
2021-12-24 14:57:13,92317,6584,like,0
2021-12-24 14:57:15,92317,6506,view,1
2021-12-24 14:57:53,92317,6506,like,0
2021-12-24 14:57:55,92317,4991,view,0
2021-12-24 15:00:29,92317,7078,view,0
2021-12-24 15:01:43,92317,7118,view,1
2021-12-24 15:02:04,92317,7118,like,0
2021-12-24 15:02:06,92317,1649,view,0
2021-12-24 15:03:41,92317,1279,view,0
2021-12-24 15:03:59,92317,237,view,0
2021-12-24 15:05:22,92317,1539,view,0
2021-12-24 15:07:36,92317,2179,view,0
2021-12-24 15:08:06,92317,1366,view,0
2021-12-24 15:09:52,92317,1452,view,0
2021-12-24 15:11:16,92317,1430,view,0
2021-12-24 15:11:59,92317,842,view,0
2021-12-24 15:14:51,92317,1153,view,0
2021-12-24 15:15:54,92317,2042,view,1
2021-12-24 15:17:32,92317,2042,like,0
2021-12-24 15:17:34,92317,1690,view,0
2021-12-25 10:52:26,92317,6288,view,0
2021-12-25 10:54:24,92317,4757,view,1
2021-12-25 10:55:17,92317,4757,like,0
2021-12-25 10:55:19,92317,795,view,0
2021-12-25 10:57:03,92317,7199,view,1
2021-12-25 10:57:36,92317,7199,like,0
2021-12-25 10:57:38,92317,2449,view,0
2021-12-25 10:59:48,92317,4682,view,0
2021-12-25 11:02:39,92317,4031,view,0
2021-12-25 11:04:38,92317,4813,view,0
2021-12-25 11:05:01,92317,814,view,0
2021-12-25 11:06:56,92317,6709,view,0
2021-12-25 11:07:24,92317,651,view,1
2021-12-25 11:07:59,92317,651,like,0
2021-12-25 11:08:01,92317,3416,view,0
2021-12-25 11:10:33,92317,1703,view,0
2021-12-25 11:12:13,92317,1638,view,0
2021-12-25 11:14:19,92317,1359,view,0
2021-12-25 11:16:26,92317,3210,view,1
2021-12-25 11:17:47,92317,3210,like,0
2021-12-25 11:17:49,92317,1354,view,0
2021-12-25 11:20:29,92317,1782,view,0
2021-12-25 11:22:05,92317,1001,view,0
2021-12-25 11:24:32,92317,1210,view,0
2021-12-25 11:27:23,92317,1721,view,0
2021-12-25 11:27:40,92317,1712,view,0
2021-12-25 11:27:57,92317,1495,view,0
2021-12-25 11:29:08,92317,139,view,0
2021-12-25 11:29:45,92317,1336,view,0
2021-12-27 17:13:08,92317,2805,view,1
2021-12-27 17:14:20,92317,2805,like,0
2021-12-27 17:14:22,92317,7173,view,0
2021-12-27 17:15:02,92317,2717,view,0
2021-12-27 17:16:28,92317,4040,view,0
2021-12-27 17:18:26,92317,6902,view,0
2021-12-27 17:19:37,92317,624,view,0
2021-12-27 17:20:16,92317,5353,view,1
2021-12-27 17:21:19,92317,5353,like,0
2021-12-27 17:21:21,92317,7098,view,0
2021-12-27 17:21:53,92317,6779,view,0
2021-12-27 17:24:12,92317,1975,view,0
2021-12-27 17:25:01,92317,2712,view,0
2021-12-27 17:26:42,92317,6545,view,0
2021-12-27 17:28:33,92317,74,view,0
2021-12-27 17:30:07,92317,3727,view,1
2021-12-27 17:32:42,92317,3727,like,0
2021-12-27 17:32:44,92317,6376,view,0
2021-12-27 17:35:08,92317,5192,view,1
2021-12-27 17:37:05,92317,5192,like,0
2021-12-27 17:37:07,92317,5751,view,0
2021-12-27 17:39:55,92317,1475,view,0
2021-12-27 17:40:40,92317,1855,view,0
2021-12-27 17:42:42,92317,3515,view,0
2021-12-27 17:43:34,92317,2728,view,1
2021-12-27 17:46:29,92317,2728,like,0
2021-12-27 17:46:31,92317,1685,view,1
2021-12-27 17:47:28,92317,1685,like,0
2021-12-27 17:47:30,92317,2322,view,0
2021-12-27 17:48:05,92317,4203,view,1
2021-12-27 17:48:32,92317,4203,like,0
2021-12-27 17:48:34,92317,505,view,1
2021-12-27 17:48:43,92317,505,like,0
2021-12-27 17:48:45,92317,1371,view,0
2021-12-27 17:49:15,92317,1048,view,0
2021-12-27 17:49:55,92317,1146,view,0
2021-12-27 17:51:42,92317,438,view,0
2021-12-27 17:52:08,92317,1366,view,0
2021-12-27 17:53:03,92317,1194,view,0
2021-12-27 17:54:24,92317,1948,view,1
2021-12-27 17:55:25,92317,1948,like,0
2021-12-27 17:55:27,92317,1898,view,0
2021-12-27 17:57:22,92317,997,view,0
2021-10-02 06:36:02,92318,1742,view,0
2021-10-02 06:37:53,92318,345,view,0
2021-10-02 06:39:45,92318,1876,view,1
2021-10-02 06:42:09,92318,1876,like,0
2021-10-02 06:42:11,92318,1766,view,0
2021-10-02 06:43:31,92318,6843,view,0
2021-10-02 06:44:30,92318,2743,view,0
2021-10-02 06:46:26,92318,2535,view,0
2021-10-02 06:48:23,92318,1366,view,0
2021-10-02 06:50:25,92318,2780,view,0
2021-10-02 06:53:04,92318,2523,view,0
2021-10-02 06:55:45,92318,1635,view,0
2021-10-02 06:57:28,92318,4811,view,0
2021-10-02 07:00:07,92318,2386,view,0
2021-10-02 07:02:01,92318,3534,view,0
2021-10-02 07:02:56,92318,3486,view,0
2021-10-02 07:04:48,92318,3396,view,0
2021-10-02 07:06:39,92318,6490,view,0
2021-10-02 07:07:06,92318,3557,view,0
2021-10-02 07:07:34,92318,1343,view,0
2021-10-02 07:08:07,92318,2023,view,0
2021-10-02 07:10:15,92318,4205,view,0
2021-10-02 07:11:41,92318,5119,view,0
2021-10-02 07:12:04,92318,2328,view,0
2021-10-02 07:14:29,92318,6608,view,0
2021-10-02 07:17:02,92318,2132,view,0
2021-10-02 07:18:49,92318,5523,view,0
2021-10-02 07:21:01,92318,3223,view,0
2021-10-02 07:23:25,92318,5904,view,0
2021-10-02 07:24:34,92318,717,view,0
2021-10-02 07:26:01,92318,2193,view,0
2021-10-08 10:40:54,92318,2665,view,0
2021-10-08 10:41:23,92318,244,view,0
2021-10-08 10:42:52,92318,3490,view,0
2021-10-08 10:44:02,92318,342,view,0
2021-10-08 10:45:15,92318,1012,view,0
2021-10-08 10:47:32,92318,1593,view,0
2021-10-08 10:49:37,92318,2321,view,0
2021-10-08 10:50:53,92318,1248,view,0
2021-10-08 10:53:17,92318,1211,view,0
2021-10-08 10:55:16,92318,259,view,0
2021-10-08 10:58:12,92318,5830,view,0
2021-10-08 10:59:28,92318,6140,view,0
2021-11-18 11:39:15,84200,505,like,0
2021-11-18 11:39:17,84200,5472,view,1
2021-11-18 11:40:35,84200,5472,like,0
2021-11-18 11:40:37,84200,1883,view,0
2021-11-18 11:40:52,84200,1019,view,0
2021-11-18 11:43:42,84200,1544,view,1
2021-11-18 11:45:44,84200,1544,like,0
2021-11-18 11:45:46,84200,3923,view,0
2021-11-18 11:47:19,84200,1546,view,0
2021-11-18 11:49:36,84200,2829,view,0
2021-11-18 11:49:58,84200,2148,view,0
2021-11-18 11:50:51,84200,1387,view,0
2021-11-18 11:51:26,84200,5730,view,0
2021-11-18 11:54:19,84200,943,view,0
2021-11-18 11:57:16,84200,1686,view,1
2021-11-18 11:58:19,84200,1686,like,0
2021-11-18 11:58:21,84200,1567,view,0
2021-11-18 11:59:42,84200,6773,view,0
2021-11-18 12:00:03,84200,2108,view,0
2021-11-18 12:02:20,84200,1354,view,0
2021-11-18 12:04:31,84200,5268,view,0
2021-11-18 12:07:16,84200,3456,view,0
2021-11-18 12:09:59,84200,4881,view,0
2021-11-18 12:10:57,84200,1922,view,1
2021-11-18 12:13:49,84200,1922,like,0
2021-11-18 12:13:51,84200,6997,view,0
2021-11-18 12:15:01,84200,1605,view,0
2021-11-18 12:16:19,84200,5504,view,0
2021-11-18 12:17:33,84200,4819,view,0
2021-11-18 12:19:25,84200,6125,view,0
2021-11-18 12:22:21,84200,6092,view,0
2021-11-18 12:22:49,84200,5975,view,0
2021-11-18 12:25:30,84200,7015,view,0
2021-11-18 12:27:52,84200,7160,view,0
2021-11-18 12:29:21,84200,5723,view,0
2021-11-18 12:29:46,84200,6687,view,0
2021-11-18 12:31:17,84200,4216,view,0
2021-11-20 18:00:35,84200,6310,view,1
2021-11-20 18:01:38,84200,6310,like,0
2021-11-20 18:01:40,84200,1183,view,0
2021-11-20 18:04:11,84200,3920,view,0
2021-11-20 18:05:08,84200,4421,view,0
2021-11-20 18:05:50,84200,1832,view,0
2021-11-20 18:06:43,84200,1554,view,0
2021-11-20 18:07:27,84200,1428,view,0
2021-11-20 18:10:03,84200,1829,view,0
2021-11-20 18:10:16,84200,4691,view,0
2021-11-20 18:11:47,84200,6826,view,1
2021-11-20 18:13:25,84200,6826,like,0
2021-11-20 18:13:27,84200,3086,view,0
2021-11-20 18:15:42,84200,1952,view,0
2021-11-20 18:16:21,84200,1724,view,0
2021-11-20 18:16:56,84200,3040,view,0
2021-11-20 18:17:35,84200,2052,view,0
2021-11-20 18:19:13,84200,7185,view,0
2021-11-20 18:19:43,84200,1067,view,1
2021-11-20 18:22:30,84200,1067,like,0
2021-11-20 18:22:32,84200,6114,view,0
2021-11-20 18:24:29,84200,5967,view,0
2021-11-20 18:25:21,84200,141,view,0
2021-11-20 18:25:56,84200,6611,view,0
2021-11-22 15:24:28,84200,1374,view,0
2021-11-22 15:26:32,84200,3304,view,1
2021-11-22 15:27:58,84200,3304,like,0
2021-11-22 15:28:00,84200,4279,view,0
2021-11-22 15:29:53,84200,4632,view,0
2021-11-22 15:30:58,84200,1330,view,1
2021-11-22 15:32:52,84200,1330,like,0
2021-11-22 15:32:54,84200,4181,view,1
2021-11-22 15:35:12,84200,4181,like,0
2021-11-22 15:35:14,84200,1870,view,0
2021-11-22 15:36:43,84200,3880,view,0
2021-11-22 15:38:16,84200,264,view,0
2021-11-22 15:40:49,84200,1541,view,0
2021-11-22 15:43:21,84200,1234,view,1
2021-11-22 15:45:46,84200,1234,like,0
2021-11-22 15:45:48,84200,1106,view,0
2021-11-22 15:47:10,84200,1549,view,0
2021-11-22 15:48:21,84200,2512,view,0
2021-11-22 15:50:24,84200,1875,view,0
2021-11-22 15:51:58,84200,1149,view,0
2021-11-22 15:54:12,84200,2567,view,0
2021-11-22 15:55:04,84200,4428,view,1
2021-11-22 15:55:22,84200,4428,like,0
2021-11-22 15:55:24,84200,5654,view,0
2021-11-22 15:57:57,84200,5890,view,0
2021-11-22 16:00:36,84200,6207,view,0
2021-11-22 16:02:24,84200,6877,view,0
2021-11-22 16:03:46,84200,6335,view,0
2021-11-22 16:05:41,84200,5558,view,0
2021-11-22 16:06:19,84200,2855,view,0
2021-11-22 16:07:51,84200,5275,view,0
2021-11-22 16:10:43,84200,3616,view,0
2021-11-22 16:12:36,84200,3940,view,0
2021-11-22 16:14:33,84200,6222,view,1
2021-11-22 16:16:20,84200,6222,like,0
2021-11-22 16:16:22,84200,1633,view,0
2021-11-22 16:18:21,84200,830,view,0
2021-11-28 08:06:22,84200,1511,view,0
2021-11-28 08:08:36,84200,984,view,0
2021-11-28 08:11:35,84200,2166,view,0
2021-11-28 08:13:15,84200,3787,view,0
2021-11-28 08:15:38,84200,6323,view,1
2021-11-28 08:17:00,84200,6323,like,0
2021-11-28 08:17:02,84200,5034,view,0
2021-11-28 08:18:15,84200,6793,view,0
2021-11-28 08:20:36,84200,3775,view,0
2021-11-28 08:21:03,84200,998,view,1
2021-11-28 08:21:43,84200,998,like,0
2021-11-28 08:21:45,84200,4448,view,0
2021-11-28 08:22:11,84200,1133,view,0
2021-11-28 08:22:43,84200,1567,view,0
2021-11-28 08:25:07,84200,1007,view,0
2021-11-28 08:25:18,84200,2749,view,0
2021-11-28 08:26:41,84200,4062,view,0
2021-11-28 08:28:52,84200,359,view,1
2021-11-28 08:30:15,84200,359,like,0
2021-11-28 08:30:17,84200,4014,view,0
2021-11-28 08:31:37,84200,5793,view,0
2021-11-28 08:31:56,84200,620,view,0
2021-11-28 08:33:03,84200,6560,view,0
2021-11-28 08:33:40,84200,1811,view,0
2021-11-28 08:34:00,84200,5139,view,0
2021-11-28 08:36:27,84200,4490,view,0
2021-11-28 08:39:04,84200,3192,view,0
2021-11-28 08:40:57,84200,172,view,0
2021-11-28 08:43:44,84200,4771,view,0
2021-11-28 08:44:56,84200,659,view,0
2021-11-28 08:46:35,84200,2505,view,0
2021-11-28 08:49:20,84200,1058,view,0
2021-11-28 08:51:33,84200,6916,view,0
2021-11-28 08:52:31,84200,2794,view,0
2021-11-28 08:54:37,84200,7196,view,0
2021-12-08 09:37:49,84200,1431,view,0
2021-12-08 09:38:46,84200,4756,view,0
2021-12-08 09:39:39,84200,2321,view,0
2021-12-08 09:41:55,84200,3817,view,0
2021-12-08 09:44:32,84200,4067,view,0
2021-12-08 09:46:40,84200,2901,view,0
2021-12-08 09:47:22,84200,4852,view,0
2021-12-08 09:47:39,84200,3515,view,0
2021-12-08 09:49:32,84200,1531,view,0
2021-12-08 09:51:59,84200,1412,view,1
2021-12-08 09:54:06,84200,1412,like,0
2021-12-08 09:54:08,84200,6359,view,1
2021-12-08 09:56:49,84200,6359,like,0
2021-12-08 09:56:51,84200,729,view,1
2021-12-08 09:58:10,84200,729,like,0
2021-12-08 09:58:12,84200,224,view,0
2021-12-08 10:00:03,84200,2178,view,0
2021-12-08 10:01:51,84200,1887,view,0
2021-12-08 10:04:08,84200,252,view,0
2021-12-08 10:04:49,84200,534,view,0
2021-12-08 10:06:36,84200,2646,view,0
2021-12-08 10:07:03,84200,5241,view,0
2021-12-08 10:08:59,84200,1984,view,0
2021-12-08 10:11:13,84200,4813,view,0
2021-12-08 10:11:53,84200,2112,view,0
2021-12-08 10:14:47,84200,1448,view,0
2021-12-08 10:17:36,84200,2955,view,1
2021-12-08 10:19:45,84200,2955,like,0
2021-12-08 10:19:47,84200,4972,view,0
2021-12-10 15:30:36,84200,6497,view,0
2021-12-10 15:30:57,84200,6768,view,0
2021-12-10 15:33:09,84200,4947,view,0
2021-12-10 15:34:32,84200,6742,view,1
2021-12-10 15:35:36,84200,6742,like,0
2021-12-10 15:35:38,84200,1520,view,0
2021-12-10 15:36:42,84200,1077,view,0
2021-12-10 15:37:43,84200,1353,view,0
2021-12-10 15:38:30,84200,1482,view,0
2021-12-10 15:40:02,84200,4613,view,1
2021-12-10 15:42:03,84200,4613,like,0
2021-12-10 15:42:05,84200,5148,view,0
2021-12-10 15:42:30,84200,2121,view,0
2021-12-10 15:43:45,84200,2589,view,0
2021-12-10 15:44:58,84200,5327,view,0
2021-12-10 15:47:31,84200,2989,view,0
2021-12-10 15:50:18,84200,1377,view,1
2021-12-10 15:50:32,84200,1377,like,0
2021-12-10 15:50:34,84200,2374,view,0
2021-12-10 15:53:02,84200,7067,view,1
2021-12-10 15:55:21,84200,7067,like,0
2021-12-10 15:55:23,84200,1610,view,0
2021-12-10 15:58:06,84200,4721,view,0
2021-12-10 15:58:49,84200,6549,view,0
2021-12-10 16:00:57,84200,338,view,0
2021-12-10 16:03:55,84200,2484,view,0
2021-12-10 16:05:28,84200,5894,view,0
2021-12-10 16:06:49,84200,5313,view,0
2021-12-10 16:07:23,84200,2221,view,0
2021-12-10 16:07:40,84200,6645,view,0
2021-12-10 16:08:36,84200,3743,view,0
2021-12-10 16:08:50,84200,6462,view,0
2021-12-10 16:09:55,84200,4919,view,0
2021-12-10 16:10:24,84200,2564,view,0
2021-12-10 16:11:00,84200,6733,view,0
2021-12-10 16:12:57,84200,4324,view,0
2021-12-10 16:13:09,84200,6898,view,0
2021-12-11 22:15:18,84200,3567,view,0
2021-12-11 22:16:49,84200,1283,view,0
2021-12-11 22:17:10,84200,6206,view,0
2021-12-11 22:18:24,84200,717,view,1
2021-12-11 22:19:37,84200,717,like,0
2021-12-11 22:19:39,84200,6048,view,1
2021-12-11 22:20:05,84200,6048,like,0
2021-12-11 22:20:07,84200,7105,view,0
2021-12-11 22:21:38,84200,4022,view,0
2021-12-11 22:23:56,84200,1680,view,0
2021-12-11 22:24:06,84200,2935,view,0
2021-12-11 22:24:32,84200,1090,view,1
2021-12-11 22:25:24,84200,1090,like,0
2021-12-11 22:25:26,84200,5062,view,0
2021-12-11 22:27:28,84200,3654,view,0
2021-12-11 22:30:21,84200,5883,view,0
2021-12-11 22:31:02,84200,3662,view,0
2021-10-27 22:02:42,6776,5141,view,0
2021-10-27 22:02:59,6776,7279,view,0
2021-10-27 22:04:57,6776,2925,view,0
2021-10-27 22:05:14,6776,3322,view,0
2021-10-27 22:05:26,6776,4732,view,0
2021-10-27 22:08:13,6776,3293,view,0
2021-10-27 22:10:03,6776,2130,view,0
2021-10-27 22:12:05,6776,7306,view,0
2021-10-27 22:14:10,6776,6980,view,0
2021-10-27 22:16:22,6776,5568,view,0
2021-10-27 22:18:25,6776,4860,view,0
